CodigoProvincia,NombreProvincia,CodigoSeccion,NombreMunicipio,CodigoLocalidad,NombreLocalidad,CodigoRecinto,NombreRecinto,CodigoMesa,NumeroMesa,InscritosHabilitados,VotoValido,VotoBlanco,VotoNulo,VotoEmitido,VotoValidoReal,VotoEmitidoReal
1,Cercado,1,Oruro,2059,Oruro,79,Esc. Jacinto Rodriguez (La Aurora),4003261,2,240,183,0,24,207,183,207
1,Cercado,1,Oruro,2059,Oruro,79,Esc. Jacinto Rodriguez (La Aurora),4003271,3,240,169,4,32,205,169,205
1,Cercado,1,Oruro,2059,Oruro,79,Esc. Jacinto Rodriguez (La Aurora),4003301,6,240,186,2,27,215,186,215
1,Cercado,1,Oruro,2059,Oruro,79,Esc. Jacinto Rodriguez (La Aurora),4003311,7,240,178,0,23,201,178,201
1,Cercado,1,Oruro,2059,Oruro,80,Esc. Franz Tamayo (Los Pinos),4003491,6,240,174,3,18,195,174,195
1,Cercado,1,Oruro,2059,Oruro,80,Esc. Franz Tamayo (Los Pinos),4003501,7,240,170,4,29,203,170,203
1,Cercado,1,Oruro,2059,Oruro,80,Esc. Franz Tamayo (Los Pinos),4003511,8,240,169,6,19,194,169,194
1,Cercado,1,Oruro,2059,Oruro,80,Esc. Franz Tamayo (Los Pinos),4003521,9,240,179,3,20,202,179,202
1,Cercado,1,Oruro,2059,Oruro,80,Esc. Franz Tamayo (Los Pinos),4003531,10,173,124,3,18,145,124,145
1,Cercado,1,Oruro,2059,Oruro,81,U. E. Oscar Unzaga De La Vega,4002181,1,240,175,3,24,202,175,202
1,Cercado,1,Oruro,2059,Oruro,81,U. E. Oscar Unzaga De La Vega,4002191,2,240,184,1,21,206,184,206
1,Cercado,1,Oruro,2059,Oruro,81,U. E. Oscar Unzaga De La Vega,4002201,3,240,182,2,19,203,182,203
1,Cercado,1,Oruro,2059,Oruro,81,U. E. Oscar Unzaga De La Vega,4002211,4,240,185,3,23,211,185,211
1,Cercado,1,Oruro,2059,Oruro,81,U. E. Oscar Unzaga De La Vega,4002221,5,240,178,4,17,199,178,199
1,Cercado,1,Oruro,2059,Oruro,81,U. E. Oscar Unzaga De La Vega,4002231,6,240,180,3,20,203,180,203
1,Cercado,1,Oruro,2059,Oruro,81,U. E. Oscar Unzaga De La Vega,4002241,7,240,169,1,38,208,169,208
1,Cercado,1,Oruro,2059,Oruro,81,U. E. Oscar Unzaga De La Vega,4002251,8,240,194,0,14,208,194,208
1,Cercado,1,Oruro,2059,Oruro,81,U. E. Oscar Unzaga De La Vega,4002261,9,240,178,3,27,208,178,208
1,Cercado,1,Oruro,2059,Oruro,81,U. E. Oscar Unzaga De La Vega,4002271,10,240,175,5,19,199,175,199
1,Cercado,1,Oruro,2059,Oruro,81,U. E. Oscar Unzaga De La Vega,4002281,11,240,165,2,35,202,165,202
1,Cercado,1,Oruro,2059,Oruro,81,U. E. Oscar Unzaga De La Vega,4002291,12,240,176,2,18,196,176,196
1,Cercado,1,Oruro,2059,Oruro,81,U. E. Oscar Unzaga De La Vega,4002301,13,240,165,1,34,200,165,200
1,Cercado,1,Oruro,2059,Oruro,81,U. E. Oscar Unzaga De La Vega,4002311,14,240,182,4,21,207,182,207
1,Cercado,1,Oruro,2059,Oruro,81,U. E. Oscar Unzaga De La Vega,4002321,15,240,187,3,16,206,187,206
1,Cercado,1,Oruro,2059,Oruro,81,U. E. Oscar Unzaga De La Vega,4002331,16,240,175,6,26,207,175,207
1,Cercado,1,Oruro,2059,Oruro,81,U. E. Oscar Unzaga De La Vega,4002341,17,233,176,2,24,202,176,202
1,Cercado,1,Oruro,2059,Oruro,82,Inst. De Aprendizaje Industrial   I.A.I.,4006121,1,240,185,4,22,211,185,211
1,Cercado,1,Oruro,2059,Oruro,82,Inst. De Aprendizaje Industrial   I.A.I.,4006131,2,240,183,3,29,215,183,215
1,Cercado,1,Oruro,2059,Oruro,82,Inst. De Aprendizaje Industrial   I.A.I.,4006141,3,240,194,2,20,216,194,216
1,Cercado,1,Oruro,2059,Oruro,82,Inst. De Aprendizaje Industrial   I.A.I.,4006151,4,240,183,3,31,217,183,217
1,Cercado,1,Oruro,2059,Oruro,82,Inst. De Aprendizaje Industrial   I.A.I.,4006161,5,240,196,3,18,217,196,217
1,Cercado,1,Oruro,2059,Oruro,82,Inst. De Aprendizaje Industrial   I.A.I.,4006171,6,240,182,5,29,216,182,216
1,Cercado,1,Oruro,2059,Oruro,82,Inst. De Aprendizaje Industrial   I.A.I.,4006181,7,240,169,4,27,200,169,200
1,Cercado,1,Oruro,2059,Oruro,82,Inst. De Aprendizaje Industrial   I.A.I.,4006191,8,240,164,3,32,199,164,199
1,Cercado,1,Oruro,2059,Oruro,82,Inst. De Aprendizaje Industrial   I.A.I.,4006201,9,240,188,4,18,210,188,210
1,Cercado,1,Oruro,2059,Oruro,82,Inst. De Aprendizaje Industrial   I.A.I.,4006211,10,240,186,1,21,208,186,208
1,Cercado,1,Oruro,2059,Oruro,82,Inst. De Aprendizaje Industrial   I.A.I.,4006221,11,240,185,2,27,214,185,214
1,Cercado,1,Oruro,2059,Oruro,82,Inst. De Aprendizaje Industrial   I.A.I.,4006231,12,51,41,0,5,46,41,46
1,Cercado,1,Oruro,2059,Oruro,83,U. Esc. Kantuta,4003881,1,240,182,3,20,205,182,205
1,Cercado,1,Oruro,2059,Oruro,83,U. Esc. Kantuta,4003891,2,240,179,3,16,198,179,198
1,Cercado,1,Oruro,2059,Oruro,83,U. Esc. Kantuta,4003901,3,240,183,1,21,205,183,205
1,Cercado,1,Oruro,2059,Oruro,83,U. Esc. Kantuta,4003911,4,240,177,4,20,201,177,201
1,Cercado,1,Oruro,2059,Oruro,83,U. Esc. Kantuta,4003921,5,240,180,5,20,205,180,205
1,Cercado,1,Oruro,2059,Oruro,83,U. Esc. Kantuta,4003931,6,240,176,0,22,198,176,198
1,Cercado,1,Oruro,2059,Oruro,83,U. Esc. Kantuta,4003941,7,240,186,4,19,209,186,209
1,Cercado,1,Oruro,2059,Oruro,83,U. Esc. Kantuta,4003951,8,229,182,3,12,197,182,197
1,Cercado,1,Oruro,2059,Oruro,84,U.E. Huajara,4004491,1,240,178,4,23,205,178,205
1,Cercado,1,Oruro,2059,Oruro,84,U.E. Huajara,4004501,2,240,185,5,16,206,185,206
1,Cercado,1,Oruro,2059,Oruro,84,U.E. Huajara,4004511,3,240,190,2,24,216,190,216
1,Cercado,1,Oruro,2059,Oruro,84,U.E. Huajara,4004521,4,240,183,4,18,205,183,205
1,Cercado,1,Oruro,2059,Oruro,84,U.E. Huajara,4004531,5,240,186,1,17,204,186,204
1,Cercado,1,Oruro,2059,Oruro,84,U.E. Huajara,4004541,6,240,188,3,26,217,188,217
1,Cercado,1,Oruro,2059,Oruro,84,U.E. Huajara,4004551,7,240,168,8,29,205,168,205
1,Cercado,1,Oruro,2059,Oruro,84,U.E. Huajara,4004561,8,240,186,4,11,201,186,201
1,Cercado,1,Oruro,2059,Oruro,84,U.E. Huajara,4004571,9,240,182,8,20,210,182,210
1,Cercado,1,Oruro,2059,Oruro,84,U.E. Huajara,4004581,10,240,169,1,37,207,169,207
1,Cercado,1,Oruro,2059,Oruro,84,U.E. Huajara,4004591,11,240,168,2,29,199,168,199
1,Cercado,1,Oruro,2059,Oruro,84,U.E. Huajara,4004601,12,240,184,7,18,209,184,209
1,Cercado,1,Oruro,2059,Oruro,84,U.E. Huajara,4004611,13,240,169,2,26,197,169,197
1,Cercado,1,Oruro,2059,Oruro,84,U.E. Huajara,4004621,14,240,186,3,19,208,186,208
1,Cercado,1,Oruro,2059,Oruro,84,U.E. Huajara,4004631,15,240,182,6,18,206,182,206
1,Cercado,1,Oruro,2059,Oruro,84,U.E. Huajara,4004641,16,240,190,2,19,211,190,211
1,Cercado,1,Oruro,2059,Oruro,84,U.E. Huajara,4004651,17,240,184,1,22,207,184,207
1,Cercado,1,Oruro,2059,Oruro,84,U.E. Huajara,4004661,18,240,178,9,24,211,178,211
1,Cercado,1,Oruro,2059,Oruro,84,U.E. Huajara,4004671,19,240,170,6,31,207,170,207
1,Cercado,1,Oruro,2059,Oruro,84,U.E. Huajara,4004681,20,240,197,3,20,220,197,220
1,Cercado,1,Oruro,2059,Oruro,84,U.E. Huajara,4004691,21,47,39,0,5,44,39,44
1,Cercado,1,Oruro,2059,Oruro,85,Liceo Antofagasta,4000531,1,240,180,3,21,204,180,204
1,Cercado,1,Oruro,2059,Oruro,85,Liceo Antofagasta,4000541,2,240,178,2,21,201,178,201
1,Cercado,1,Oruro,2059,Oruro,85,Liceo Antofagasta,4000551,3,240,170,3,30,203,170,203
1,Cercado,1,Oruro,2059,Oruro,85,Liceo Antofagasta,4000561,4,240,184,6,20,210,184,210
1,Cercado,1,Oruro,2059,Oruro,85,Liceo Antofagasta,4000571,5,47,36,0,4,40,36,40
1,Cercado,1,Oruro,2059,Oruro,86,Colegio Jesus Maria Fe y Alegria,4000581,1,240,188,1,26,215,188,215
1,Cercado,1,Oruro,2059,Oruro,86,Colegio Jesus Maria Fe y Alegria,4000591,2,240,176,6,29,211,176,211
1,Cercado,1,Oruro,2059,Oruro,86,Colegio Jesus Maria Fe y Alegria,4000601,3,240,179,4,32,215,179,215
1,Cercado,1,Oruro,2059,Oruro,86,Colegio Jesus Maria Fe y Alegria,4000611,4,240,178,8,30,216,178,216
1,Cercado,1,Oruro,2059,Oruro,86,Colegio Jesus Maria Fe y Alegria,4000621,5,240,177,5,28,210,177,210
1,Cercado,1,Oruro,2059,Oruro,86,Colegio Jesus Maria Fe y Alegria,4000631,6,160,125,3,15,143,125,143
1,Cercado,1,Oruro,2059,Oruro,87,Col. Aniceto Arce,4000641,1,240,185,1,23,209,185,209
1,Cercado,1,Oruro,2059,Oruro,87,Col. Aniceto Arce,4000651,2,240,181,2,18,201,181,201
1,Cercado,1,Oruro,2059,Oruro,87,Col. Aniceto Arce,4000661,3,240,190,2,12,204,190,204
1,Cercado,1,Oruro,2059,Oruro,87,Col. Aniceto Arce,4000671,4,240,186,0,26,212,186,212
1,Cercado,1,Oruro,2059,Oruro,87,Col. Aniceto Arce,4000681,5,240,183,4,22,209,183,209
1,Cercado,1,Oruro,2059,Oruro,87,Col. Aniceto Arce,4000691,6,240,167,0,21,188,167,188
1,Cercado,1,Oruro,2059,Oruro,87,Col. Aniceto Arce,4000701,7,64,38,1,7,46,38,46
1,Cercado,1,Oruro,2059,Oruro,88,Facultad Técnica,4006431,1,240,172,4,24,200,172,200
1,Cercado,1,Oruro,2059,Oruro,88,Facultad Técnica,4006441,2,240,175,2,33,210,175,210
1,Cercado,1,Oruro,2059,Oruro,88,Facultad Técnica,4006471,5,240,179,5,23,207,179,207
1,Cercado,1,Oruro,2059,Oruro,88,Facultad Técnica,4006481,6,240,185,2,20,207,185,207
1,Cercado,1,Oruro,2059,Oruro,88,Facultad Técnica,4006491,7,240,172,3,22,197,172,197
1,Cercado,1,Oruro,2059,Oruro,88,Facultad Técnica,4006501,8,240,176,5,23,204,176,204
1,Cercado,1,Oruro,2059,Oruro,88,Facultad Técnica,4006511,9,240,188,4,21,213,188,213
1,Cercado,1,Oruro,2059,Oruro,88,Facultad Técnica,4006521,10,240,188,6,20,214,188,214
1,Cercado,1,Oruro,2059,Oruro,88,Facultad Técnica,4006531,11,240,166,5,33,204,166,204
1,Cercado,1,Oruro,2059,Oruro,88,Facultad Técnica,4006541,12,240,173,6,28,207,173,207
1,Cercado,1,Oruro,2059,Oruro,88,Facultad Técnica,4006551,13,240,182,6,22,210,182,210
1,Cercado,1,Oruro,2059,Oruro,88,Facultad Técnica,4006561,14,240,176,2,27,205,176,205
1,Cercado,1,Oruro,2059,Oruro,88,Facultad Técnica,4006571,15,64,49,1,6,56,49,56
1,Cercado,1,Oruro,2059,Oruro,89,CEMEI,4006581,1,240,178,2,30,210,178,210
1,Cercado,1,Oruro,2059,Oruro,89,CEMEI,4006591,2,234,185,5,17,207,185,207
1,Cercado,1,Oruro,2059,Oruro,90,U. Esc. Francisco Fajardo,4006601,1,240,171,3,30,204,171,204
1,Cercado,1,Oruro,2059,Oruro,90,U. Esc. Francisco Fajardo,4006611,2,240,187,2,18,207,187,207
1,Cercado,1,Oruro,2059,Oruro,90,U. Esc. Francisco Fajardo,4006621,3,240,181,3,29,213,181,213
1,Cercado,1,Oruro,2059,Oruro,90,U. Esc. Francisco Fajardo,4006631,4,240,173,4,27,204,173,204
1,Cercado,1,Oruro,2059,Oruro,90,U. Esc. Francisco Fajardo,4006641,5,240,176,6,24,206,176,206
1,Cercado,1,Oruro,2059,Oruro,90,U. Esc. Francisco Fajardo,4006651,6,240,183,4,29,216,183,216
1,Cercado,1,Oruro,2059,Oruro,90,U. Esc. Francisco Fajardo,4006661,7,240,184,1,22,207,184,207
1,Cercado,1,Oruro,2059,Oruro,90,U. Esc. Francisco Fajardo,4006671,8,240,178,2,29,209,178,209
1,Cercado,1,Oruro,2059,Oruro,90,U. Esc. Francisco Fajardo,4006681,9,240,181,5,23,209,181,209
1,Cercado,1,Oruro,2059,Oruro,90,U. Esc. Francisco Fajardo,4006691,10,240,190,4,13,207,190,207
1,Cercado,1,Oruro,2059,Oruro,90,U. Esc. Francisco Fajardo,4006701,11,148,117,0,16,133,117,133
1,Cercado,1,Oruro,2059,Oruro,91,U. Esc. Melvin Jones,4006711,1,240,184,1,25,210,184,210
1,Cercado,1,Oruro,2059,Oruro,91,U. Esc. Melvin Jones,4006721,2,240,172,1,30,203,172,203
1,Cercado,1,Oruro,2059,Oruro,91,U. Esc. Melvin Jones,4006731,3,240,192,4,17,213,192,213
1,Cercado,1,Oruro,2059,Oruro,91,U. Esc. Melvin Jones,4006741,4,240,176,4,30,210,176,210
1,Cercado,1,Oruro,2059,Oruro,91,U. Esc. Melvin Jones,4006751,5,240,185,2,18,205,185,205
1,Cercado,1,Oruro,2059,Oruro,91,U. Esc. Melvin Jones,4006761,6,240,168,4,38,210,168,210
1,Cercado,1,Oruro,2059,Oruro,91,U. Esc. Melvin Jones,4006771,7,240,168,8,25,201,168,201
1,Cercado,1,Oruro,2059,Oruro,91,U. Esc. Melvin Jones,4006781,8,120,83,3,10,96,83,96
1,Cercado,1,Oruro,2059,Oruro,92,U. E. Ejercito Nacional,4002581,1,240,164,8,30,202,164,202
1,Cercado,1,Oruro,2059,Oruro,92,U. E. Ejercito Nacional,4002591,2,240,185,2,22,209,185,209
1,Cercado,1,Oruro,2059,Oruro,92,U. E. Ejercito Nacional,4002601,3,240,182,4,25,211,182,211
1,Cercado,1,Oruro,2059,Oruro,92,U. E. Ejercito Nacional,4002611,4,240,183,1,19,203,183,203
1,Cercado,1,Oruro,2059,Oruro,92,U. E. Ejercito Nacional,4002621,5,240,178,2,30,210,178,210
1,Cercado,1,Oruro,2059,Oruro,92,U. E. Ejercito Nacional,4002631,6,240,189,6,21,216,189,216
1,Cercado,1,Oruro,2059,Oruro,92,U. E. Ejercito Nacional,4002641,7,240,167,1,32,200,167,200
1,Cercado,1,Oruro,2059,Oruro,92,U. E. Ejercito Nacional,4002651,8,240,181,4,28,213,181,213
1,Cercado,1,Oruro,2059,Oruro,92,U. E. Ejercito Nacional,4002661,9,240,165,3,24,192,165,192
1,Cercado,1,Oruro,2059,Oruro,92,U. E. Ejercito Nacional,4002671,10,240,169,2,19,190,169,190
1,Cercado,1,Oruro,2059,Oruro,92,U. E. Ejercito Nacional,4002681,11,240,165,4,19,188,165,188
1,Cercado,1,Oruro,2059,Oruro,92,U. E. Ejercito Nacional,4002691,12,240,179,2,23,204,179,204
1,Cercado,1,Oruro,2059,Oruro,92,U. E. Ejercito Nacional,4002701,13,75,51,2,4,57,51,57
1,Cercado,1,Oruro,2059,Oruro,93,(Cárcel) Penal San Pedro,4002711,1,240,161,1,16,178,161,178
1,Cercado,1,Oruro,2059,Oruro,93,(Cárcel) Penal San Pedro,4002721,2,240,158,13,12,183,158,183
1,Cercado,1,Oruro,2059,Oruro,93,(Cárcel) Penal San Pedro,4002731,3,240,145,6,17,168,145,168
1,Cercado,1,Oruro,2059,Oruro,93,(Cárcel) Penal San Pedro,4002741,4,102,58,4,12,74,58,74
1,Cercado,1,Oruro,2059,Oruro,94,U. E. John F. Kennedy,4002751,1,240,188,3,23,214,188,214
1,Cercado,1,Oruro,2059,Oruro,94,U. E. John F. Kennedy,4002761,2,240,175,2,28,205,175,205
1,Cercado,1,Oruro,2059,Oruro,94,U. E. John F. Kennedy,4002771,3,240,183,5,29,217,183,217
1,Cercado,1,Oruro,2059,Oruro,94,U. E. John F. Kennedy,4002781,4,240,164,2,33,199,164,199
1,Cercado,1,Oruro,2059,Oruro,94,U. E. John F. Kennedy,4002791,5,240,180,3,26,209,180,209
1,Cercado,1,Oruro,2059,Oruro,94,U. E. John F. Kennedy,4002801,6,240,178,1,29,208,178,208
1,Cercado,1,Oruro,2059,Oruro,94,U. E. John F. Kennedy,4002811,7,240,187,7,17,211,187,211
1,Cercado,1,Oruro,2059,Oruro,94,U. E. John F. Kennedy,4002821,8,240,174,1,27,202,174,202
1,Cercado,1,Oruro,2059,Oruro,94,U. E. John F. Kennedy,4002831,9,240,185,4,26,215,185,215
1,Cercado,1,Oruro,2059,Oruro,94,U. E. John F. Kennedy,4002841,10,240,185,3,25,213,185,213
1,Cercado,1,Oruro,2059,Oruro,94,U. E. John F. Kennedy,4002851,11,240,171,5,35,211,171,211
1,Cercado,1,Oruro,2059,Oruro,94,U. E. John F. Kennedy,4002861,12,240,183,3,22,208,183,208
1,Cercado,1,Oruro,2059,Oruro,94,U. E. John F. Kennedy,4002871,13,240,174,2,33,209,174,209
1,Cercado,1,Oruro,2059,Oruro,94,U. E. John F. Kennedy,4002881,14,240,178,1,30,209,178,209
1,Cercado,1,Oruro,2059,Oruro,94,U. E. John F. Kennedy,4002891,15,240,178,5,20,203,178,203
1,Cercado,1,Oruro,2059,Oruro,94,U. E. John F. Kennedy,4002901,16,240,185,2,25,212,185,212
1,Cercado,1,Oruro,2059,Oruro,94,U. E. John F. Kennedy,4002911,17,68,55,1,3,59,55,59
1,Cercado,1,Oruro,2059,Oruro,95,U. E. Juan Velez de Cordoba (Inca Pozo).,4001831,1,240,163,4,43,210,163,210
1,Cercado,1,Oruro,2059,Oruro,95,U. E. Juan Velez de Cordoba (Inca Pozo).,4001841,2,240,167,6,37,210,167,210
1,Cercado,1,Oruro,2059,Oruro,95,U. E. Juan Velez de Cordoba (Inca Pozo).,4001851,3,240,179,5,30,214,179,214
1,Cercado,1,Oruro,2059,Oruro,95,U. E. Juan Velez de Cordoba (Inca Pozo).,4001861,4,240,172,3,29,204,172,204
1,Cercado,1,Oruro,2059,Oruro,95,U. E. Juan Velez de Cordoba (Inca Pozo).,4001871,5,240,178,5,23,206,178,206
1,Cercado,1,Oruro,2059,Oruro,95,U. E. Juan Velez de Cordoba (Inca Pozo).,4001881,6,156,107,5,19,131,107,131
1,Cercado,1,Oruro,2059,Oruro,96,Inst. Normal Superior Angel Mendoza J.,4002921,1,240,170,3,29,202,170,202
1,Cercado,1,Oruro,2059,Oruro,96,Inst. Normal Superior Angel Mendoza J.,4002931,2,240,176,4,18,198,176,198
1,Cercado,1,Oruro,2059,Oruro,96,Inst. Normal Superior Angel Mendoza J.,4002941,3,240,159,1,24,184,159,184
1,Cercado,1,Oruro,2059,Oruro,96,Inst. Normal Superior Angel Mendoza J.,4002951,4,240,162,2,32,196,162,196
1,Cercado,1,Oruro,2059,Oruro,96,Inst. Normal Superior Angel Mendoza J.,4002961,5,240,179,1,26,206,179,206
1,Cercado,1,Oruro,2059,Oruro,96,Inst. Normal Superior Angel Mendoza J.,4002971,6,240,182,1,19,202,182,202
1,Cercado,1,Oruro,2059,Oruro,96,Inst. Normal Superior Angel Mendoza J.,4002981,7,240,166,6,21,193,166,193
1,Cercado,1,Oruro,2059,Oruro,96,Inst. Normal Superior Angel Mendoza J.,4002991,8,240,177,3,30,210,177,210
1,Cercado,1,Oruro,2059,Oruro,96,Inst. Normal Superior Angel Mendoza J.,4003001,9,240,181,1,22,204,181,204
1,Cercado,1,Oruro,2059,Oruro,96,Inst. Normal Superior Angel Mendoza J.,4003011,10,240,167,3,23,193,167,193
1,Cercado,1,Oruro,2059,Oruro,96,Inst. Normal Superior Angel Mendoza J.,4003021,11,240,167,5,28,200,167,200
1,Cercado,1,Oruro,2059,Oruro,96,Inst. Normal Superior Angel Mendoza J.,4003031,12,240,171,3,30,204,171,204
1,Cercado,1,Oruro,2059,Oruro,96,Inst. Normal Superior Angel Mendoza J.,4003041,13,92,60,0,13,73,60,73
1,Cercado,1,Oruro,2059,Oruro,97,U. E. Mcal. Andres De Santa Cruz,4000731,3,240,188,5,13,206,188,206
1,Cercado,1,Oruro,2059,Oruro,97,U. E. Mcal. Andres De Santa Cruz,4000741,4,240,179,2,30,211,179,211
1,Cercado,1,Oruro,2059,Oruro,97,U. E. Mcal. Andres De Santa Cruz,4000751,5,240,174,3,25,202,174,202
1,Cercado,1,Oruro,2059,Oruro,97,U. E. Mcal. Andres De Santa Cruz,4000761,6,240,190,0,27,217,190,217
1,Cercado,1,Oruro,2059,Oruro,97,U. E. Mcal. Andres De Santa Cruz,4000771,7,240,182,1,27,210,182,210
1,Cercado,1,Oruro,2059,Oruro,97,U. E. Mcal. Andres De Santa Cruz,4000781,8,240,180,3,19,202,180,202
1,Cercado,1,Oruro,2059,Oruro,97,U. E. Mcal. Andres De Santa Cruz,4000801,10,240,203,4,15,222,203,222
1,Cercado,1,Oruro,2059,Oruro,97,U. E. Mcal. Andres De Santa Cruz,4000811,11,240,182,2,21,205,182,205
1,Cercado,1,Oruro,2059,Oruro,97,U. E. Mcal. Andres De Santa Cruz,4000821,12,123,95,2,8,105,95,105
1,Cercado,1,Oruro,2059,Oruro,98,Facultad de Medicina,4003141,1,240,182,3,30,215,182,215
1,Cercado,1,Oruro,2059,Oruro,98,Facultad de Medicina,4003151,2,240,186,3,26,215,186,215
1,Cercado,1,Oruro,2059,Oruro,98,Facultad de Medicina,4003161,3,240,174,3,35,212,174,212
1,Cercado,1,Oruro,2059,Oruro,98,Facultad de Medicina,4003171,4,240,186,4,24,214,186,214
1,Cercado,1,Oruro,2059,Oruro,98,Facultad de Medicina,4003181,5,240,179,1,22,202,179,202
1,Cercado,1,Oruro,2059,Oruro,98,Facultad de Medicina,4003191,6,240,174,3,24,201,174,201
1,Cercado,1,Oruro,2059,Oruro,98,Facultad de Medicina,4003201,7,240,182,2,22,206,182,206
1,Cercado,1,Oruro,2059,Oruro,98,Facultad de Medicina,4003211,8,240,180,5,23,208,180,208
1,Cercado,1,Oruro,2059,Oruro,98,Facultad de Medicina,4003221,9,240,184,4,29,217,184,217
1,Cercado,1,Oruro,2059,Oruro,98,Facultad de Medicina,4003231,10,240,189,1,19,209,189,209
1,Cercado,1,Oruro,2059,Oruro,98,Facultad de Medicina,4003241,11,182,137,3,20,160,137,160
1,Cercado,1,Oruro,2059,Oruro,99,U. E. Guido Villagomez,4003331,1,240,184,2,17,203,184,203
1,Cercado,1,Oruro,2059,Oruro,99,U. E. Guido Villagomez,4003341,2,240,186,6,19,211,186,211
1,Cercado,1,Oruro,2059,Oruro,99,U. E. Guido Villagomez,4003351,3,240,189,3,20,212,189,212
1,Cercado,1,Oruro,2059,Oruro,99,U. E. Guido Villagomez,4003361,4,240,185,3,19,207,185,207
1,Cercado,1,Oruro,2059,Oruro,99,U. E. Guido Villagomez,4003371,5,240,176,3,29,208,176,208
1,Cercado,1,Oruro,2059,Oruro,99,U. E. Guido Villagomez,4003381,6,240,187,6,19,212,187,212
1,Cercado,1,Oruro,2059,Oruro,99,U. E. Guido Villagomez,4003391,7,240,178,2,27,207,178,207
1,Cercado,1,Oruro,2059,Oruro,99,U. E. Guido Villagomez,4003401,8,240,187,2,22,211,187,211
1,Cercado,1,Oruro,2059,Oruro,99,U. E. Guido Villagomez,4003411,9,240,185,4,22,211,185,211
1,Cercado,1,Oruro,2059,Oruro,99,U. E. Guido Villagomez,4003421,10,240,181,6,18,205,181,205
1,Cercado,1,Oruro,2059,Oruro,99,U. E. Guido Villagomez,4003431,11,72,51,0,11,62,51,62
1,Cercado,1,Oruro,2059,Oruro,100,U. Esc. Sebastian Pagador(Primario),4005501,2,240,172,3,37,212,172,212
1,Cercado,1,Oruro,2059,Oruro,100,U. Esc. Sebastian Pagador(Primario),4005511,3,240,164,5,27,196,164,196
1,Cercado,1,Oruro,2059,Oruro,100,U. Esc. Sebastian Pagador(Primario),4005521,4,240,176,6,25,207,176,207
1,Cercado,1,Oruro,2059,Oruro,100,U. Esc. Sebastian Pagador(Primario),4005531,5,240,181,1,19,201,181,201
1,Cercado,1,Oruro,2059,Oruro,100,U. Esc. Sebastian Pagador(Primario),4005541,6,240,175,2,22,199,175,199
1,Cercado,1,Oruro,2059,Oruro,100,U. Esc. Sebastian Pagador(Primario),4005551,7,240,182,4,19,205,182,205
1,Cercado,1,Oruro,2059,Oruro,100,U. Esc. Sebastian Pagador(Primario),4005561,8,209,156,2,21,179,156,179
1,Cercado,1,Oruro,2059,Oruro,101,Esc. Mixta Ferroviaria,4005571,1,240,172,6,30,208,172,208
1,Cercado,1,Oruro,2059,Oruro,101,Esc. Mixta Ferroviaria,4005581,2,240,180,2,22,204,180,204
1,Cercado,1,Oruro,2059,Oruro,101,Esc. Mixta Ferroviaria,4005591,3,240,177,5,27,209,177,209
1,Cercado,1,Oruro,2059,Oruro,101,Esc. Mixta Ferroviaria,4005601,4,240,183,5,17,205,183,205
1,Cercado,1,Oruro,2059,Oruro,101,Esc. Mixta Ferroviaria,4005621,6,240,176,8,31,215,176,215
1,Cercado,1,Oruro,2059,Oruro,101,Esc. Mixta Ferroviaria,4005631,7,240,173,4,29,206,173,206
1,Cercado,1,Oruro,2059,Oruro,101,Esc. Mixta Ferroviaria,4005651,9,240,180,5,26,211,180,211
1,Cercado,1,Oruro,2059,Oruro,101,Esc. Mixta Ferroviaria,4005661,10,240,176,10,25,211,176,211
1,Cercado,1,Oruro,2059,Oruro,101,Esc. Mixta Ferroviaria,4005681,12,240,187,4,23,214,187,214
1,Cercado,1,Oruro,2059,Oruro,101,Esc. Mixta Ferroviaria,4005691,13,240,182,0,28,210,182,210
1,Cercado,1,Oruro,2059,Oruro,101,Esc. Mixta Ferroviaria,4005701,14,105,85,1,8,94,85,94
1,Cercado,1,Oruro,2059,Oruro,102,U. E. Virgen Del Mar II,4003601,1,240,180,8,24,212,180,212
1,Cercado,1,Oruro,2059,Oruro,102,U. E. Virgen Del Mar II,4003611,2,240,189,3,22,214,189,214
1,Cercado,1,Oruro,2059,Oruro,102,U. E. Virgen Del Mar II,4003621,3,240,181,3,22,206,181,206
1,Cercado,1,Oruro,2059,Oruro,102,U. E. Virgen Del Mar II,4003631,4,240,177,5,29,211,177,211
1,Cercado,1,Oruro,2059,Oruro,102,U. E. Virgen Del Mar II,4003641,5,240,176,3,32,211,176,211
1,Cercado,1,Oruro,2059,Oruro,102,U. E. Virgen Del Mar II,4003651,6,240,171,4,28,203,171,203
1,Cercado,1,Oruro,2059,Oruro,102,U. E. Virgen Del Mar II,4003661,7,240,194,1,15,210,194,210
1,Cercado,1,Oruro,2059,Oruro,102,U. E. Virgen Del Mar II,4003671,8,240,192,2,21,215,192,215
1,Cercado,1,Oruro,2059,Oruro,102,U. E. Virgen Del Mar II,4003681,9,240,178,5,26,209,178,209
1,Cercado,1,Oruro,2059,Oruro,102,U. E. Virgen Del Mar II,4003691,10,240,173,4,32,209,173,209
1,Cercado,1,Oruro,2059,Oruro,102,U. E. Virgen Del Mar II,4003701,11,156,121,2,16,139,121,139
1,Cercado,1,Oruro,2059,Oruro,103,U. E. Jose Maria Sierra Galvarro,4001231,1,240,191,5,20,216,191,216
1,Cercado,1,Oruro,2059,Oruro,103,U. E. Jose Maria Sierra Galvarro,4001241,2,240,187,5,20,212,187,212
1,Cercado,1,Oruro,2059,Oruro,103,U. E. Jose Maria Sierra Galvarro,4001251,3,240,179,4,26,209,179,209
1,Cercado,1,Oruro,2059,Oruro,103,U. E. Jose Maria Sierra Galvarro,4001261,4,240,167,5,29,201,167,201
1,Cercado,1,Oruro,2059,Oruro,103,U. E. Jose Maria Sierra Galvarro,4001271,5,240,194,1,17,212,194,212
1,Cercado,1,Oruro,2059,Oruro,103,U. E. Jose Maria Sierra Galvarro,4001281,6,240,187,5,22,214,187,214
1,Cercado,1,Oruro,2059,Oruro,103,U. E. Jose Maria Sierra Galvarro,4001291,7,240,181,0,27,208,181,208
1,Cercado,1,Oruro,2059,Oruro,103,U. E. Jose Maria Sierra Galvarro,4001301,8,240,171,2,38,211,171,211
1,Cercado,1,Oruro,2059,Oruro,103,U. E. Jose Maria Sierra Galvarro,4001311,9,240,177,3,25,205,177,205
1,Cercado,1,Oruro,2059,Oruro,103,U. E. Jose Maria Sierra Galvarro,4001321,10,240,167,1,21,189,167,189
1,Cercado,1,Oruro,2059,Oruro,103,U. E. Jose Maria Sierra Galvarro,4001331,11,251,181,3,19,203,181,203
1,Cercado,1,Oruro,2059,Oruro,104,Col. Mixto San Jose,4000831,1,240,183,4,17,204,183,204
1,Cercado,1,Oruro,2059,Oruro,104,Col. Mixto San Jose,4000841,2,240,178,5,20,203,178,203
1,Cercado,1,Oruro,2059,Oruro,104,Col. Mixto San Jose,4000851,3,240,172,3,22,197,172,197
1,Cercado,1,Oruro,2059,Oruro,104,Col. Mixto San Jose,4000861,4,240,183,0,23,206,183,206
1,Cercado,1,Oruro,2059,Oruro,104,Col. Mixto San Jose,4000871,5,87,69,1,7,77,69,77
1,Cercado,1,Oruro,2059,Oruro,105,U. E. Jose Ignacio De Sanjinez,4007221,1,240,182,1,27,210,182,210
1,Cercado,1,Oruro,2059,Oruro,105,U. E. Jose Ignacio De Sanjinez,4007231,2,240,178,2,16,196,178,196
1,Cercado,1,Oruro,2059,Oruro,105,U. E. Jose Ignacio De Sanjinez,4007241,3,240,173,3,26,202,173,202
1,Cercado,1,Oruro,2059,Oruro,105,U. E. Jose Ignacio De Sanjinez,4007251,4,240,177,0,25,202,177,202
1,Cercado,1,Oruro,2059,Oruro,105,U. E. Jose Ignacio De Sanjinez,4007261,5,240,178,1,30,209,178,209
1,Cercado,1,Oruro,2059,Oruro,105,U. E. Jose Ignacio De Sanjinez,4007271,6,240,175,5,23,203,175,203
1,Cercado,1,Oruro,2059,Oruro,105,U. E. Jose Ignacio De Sanjinez,4007281,7,240,161,4,39,204,161,204
1,Cercado,1,Oruro,2059,Oruro,105,U. E. Jose Ignacio De Sanjinez,4007291,8,240,164,4,25,193,164,193
1,Cercado,1,Oruro,2059,Oruro,105,U. E. Jose Ignacio De Sanjinez,4007301,9,240,162,4,34,200,162,200
1,Cercado,1,Oruro,2059,Oruro,105,U. E. Jose Ignacio De Sanjinez,4007311,10,240,182,2,20,204,182,204
1,Cercado,1,Oruro,2059,Oruro,105,U. E. Jose Ignacio De Sanjinez,4007321,11,240,174,2,16,192,174,192
1,Cercado,1,Oruro,2059,Oruro,105,U. E. Jose Ignacio De Sanjinez,4007331,12,240,172,1,28,201,172,201
1,Cercado,1,Oruro,2059,Oruro,105,U. E. Jose Ignacio De Sanjinez,4007341,13,54,39,1,5,45,39,45
1,Cercado,1,Oruro,2059,Oruro,106,Col. Nal. Mixto Bolivia,4007351,1,240,183,1,12,196,183,196
1,Cercado,1,Oruro,2059,Oruro,106,Col. Nal. Mixto Bolivia,4007361,2,240,171,2,16,189,171,189
1,Cercado,1,Oruro,2059,Oruro,106,Col. Nal. Mixto Bolivia,4007371,3,76,55,0,8,63,55,63
1,Cercado,1,Oruro,2059,Oruro,107,Col. Particular Naciones Unidas,4007381,1,240,193,1,15,209,193,209
1,Cercado,1,Oruro,2059,Oruro,107,Col. Particular Naciones Unidas,4007391,2,240,170,4,24,198,170,198
1,Cercado,1,Oruro,2059,Oruro,107,Col. Particular Naciones Unidas,4007401,3,240,185,2,13,200,185,200
1,Cercado,1,Oruro,2059,Oruro,107,Col. Particular Naciones Unidas,4007411,4,240,175,6,24,205,175,205
1,Cercado,1,Oruro,2059,Oruro,107,Col. Particular Naciones Unidas,4007421,5,240,187,2,19,208,187,208
1,Cercado,1,Oruro,2059,Oruro,107,Col. Particular Naciones Unidas,4007431,6,240,180,4,20,204,180,204
1,Cercado,1,Oruro,2059,Oruro,107,Col. Particular Naciones Unidas,4007441,7,240,188,5,16,209,188,209
1,Cercado,1,Oruro,2059,Oruro,107,Col. Particular Naciones Unidas,4007451,8,240,182,2,23,207,182,207
1,Cercado,1,Oruro,2059,Oruro,107,Col. Particular Naciones Unidas,4007461,9,240,178,4,22,204,178,204
1,Cercado,1,Oruro,2059,Oruro,107,Col. Particular Naciones Unidas,4007471,10,240,178,5,27,210,178,210
1,Cercado,1,Oruro,2059,Oruro,107,Col. Particular Naciones Unidas,4007481,11,240,179,2,24,205,179,205
1,Cercado,1,Oruro,2059,Oruro,107,Col. Particular Naciones Unidas,4007491,12,240,177,5,22,204,177,204
1,Cercado,1,Oruro,2059,Oruro,107,Col. Particular Naciones Unidas,4007501,13,240,181,4,22,207,181,207
1,Cercado,1,Oruro,2059,Oruro,107,Col. Particular Naciones Unidas,4007511,14,164,132,2,10,144,132,144
1,Cercado,1,Oruro,2059,Oruro,108,Col. Nal. Antonio Jose De Sainz,4000011,1,240,186,1,17,204,186,204
1,Cercado,1,Oruro,2059,Oruro,108,Col. Nal. Antonio Jose De Sainz,4000021,2,240,191,5,11,207,191,207
1,Cercado,1,Oruro,2059,Oruro,108,Col. Nal. Antonio Jose De Sainz,4000031,3,240,174,3,29,206,174,206
1,Cercado,1,Oruro,2059,Oruro,108,Col. Nal. Antonio Jose De Sainz,4000041,4,240,183,1,20,204,183,204
1,Cercado,1,Oruro,2059,Oruro,108,Col. Nal. Antonio Jose De Sainz,4000051,5,240,180,2,21,203,180,203
1,Cercado,1,Oruro,2059,Oruro,108,Col. Nal. Antonio Jose De Sainz,4000061,6,240,170,5,22,197,170,197
1,Cercado,1,Oruro,2059,Oruro,108,Col. Nal. Antonio Jose De Sainz,4000071,7,240,179,4,20,203,179,203
1,Cercado,1,Oruro,2059,Oruro,108,Col. Nal. Antonio Jose De Sainz,4000081,8,240,191,1,18,210,191,210
1,Cercado,1,Oruro,2059,Oruro,108,Col. Nal. Antonio Jose De Sainz,4000091,9,240,191,4,19,214,191,214
1,Cercado,1,Oruro,2059,Oruro,108,Col. Nal. Antonio Jose De Sainz,4000101,10,197,143,4,28,175,143,175
1,Cercado,1,Oruro,2059,Oruro,109,Col. Particular Reekie,4000111,1,240,182,4,22,208,182,208
1,Cercado,1,Oruro,2059,Oruro,109,Col. Particular Reekie,4000121,2,240,183,6,22,211,183,211
1,Cercado,1,Oruro,2059,Oruro,109,Col. Particular Reekie,4000131,3,240,185,1,20,206,185,206
1,Cercado,1,Oruro,2059,Oruro,109,Col. Particular Reekie,4000141,4,240,169,2,30,201,169,201
1,Cercado,1,Oruro,2059,Oruro,109,Col. Particular Reekie,4000151,5,240,172,3,25,200,172,200
1,Cercado,1,Oruro,2059,Oruro,109,Col. Particular Reekie,4000161,6,240,182,2,32,216,182,216
1,Cercado,1,Oruro,2059,Oruro,109,Col. Particular Reekie,4000171,7,214,149,8,24,181,149,181
1,Cercado,1,Oruro,2059,Oruro,111,Col. Nal. Simon Bolivar,4000181,1,240,171,5,20,196,171,196
1,Cercado,1,Oruro,2059,Oruro,111,Col. Nal. Simon Bolivar,4000191,2,240,177,7,28,212,177,212
1,Cercado,1,Oruro,2059,Oruro,111,Col. Nal. Simon Bolivar,4000201,3,240,167,4,22,193,167,193
1,Cercado,1,Oruro,2059,Oruro,111,Col. Nal. Simon Bolivar,4000211,4,240,178,3,23,204,178,204
1,Cercado,1,Oruro,2059,Oruro,111,Col. Nal. Simon Bolivar,4000221,5,240,172,3,26,201,172,201
1,Cercado,1,Oruro,2059,Oruro,111,Col. Nal. Simon Bolivar,4000231,6,240,173,3,20,196,173,196
1,Cercado,1,Oruro,2059,Oruro,111,Col. Nal. Simon Bolivar,4000241,7,240,172,3,25,200,172,200
1,Cercado,1,Oruro,2059,Oruro,111,Col. Nal. Simon Bolivar,4000251,8,240,179,5,17,201,179,201
1,Cercado,1,Oruro,2059,Oruro,111,Col. Nal. Simon Bolivar,4000261,9,240,179,2,22,203,179,203
1,Cercado,1,Oruro,2059,Oruro,111,Col. Nal. Simon Bolivar,4000271,10,240,178,7,21,206,178,206
1,Cercado,1,Oruro,2059,Oruro,111,Col. Nal. Simon Bolivar,4000281,11,240,160,10,22,192,160,192
1,Cercado,1,Oruro,2059,Oruro,111,Col. Nal. Simon Bolivar,4000291,12,52,37,2,5,44,37,44
1,Cercado,1,Oruro,2059,Oruro,112,Col. Ignacio Leon,4000301,1,240,185,4,16,205,185,205
1,Cercado,1,Oruro,2059,Oruro,112,Col. Ignacio Leon,4000311,2,240,178,5,18,201,178,201
1,Cercado,1,Oruro,2059,Oruro,112,Col. Ignacio Leon,4000331,4,240,174,1,18,193,174,193
1,Cercado,1,Oruro,2059,Oruro,112,Col. Ignacio Leon,4000341,5,240,179,5,26,210,179,210
1,Cercado,1,Oruro,2059,Oruro,112,Col. Ignacio Leon,4000351,6,240,185,3,21,209,185,209
1,Cercado,1,Oruro,2059,Oruro,112,Col. Ignacio Leon,4000361,7,240,178,8,20,206,178,206
1,Cercado,1,Oruro,2059,Oruro,112,Col. Ignacio Leon,4000371,8,240,168,2,24,194,168,194
1,Cercado,1,Oruro,2059,Oruro,112,Col. Ignacio Leon,4000381,9,240,177,1,22,200,177,200
1,Cercado,1,Oruro,2059,Oruro,112,Col. Ignacio Leon,4000391,10,240,178,0,25,203,178,203
1,Cercado,1,Oruro,2059,Oruro,112,Col. Ignacio Leon,4000401,11,43,31,0,3,34,31,34
1,Cercado,1,Oruro,2059,Oruro,113,Col. Donato Vasquez,4000411,1,240,166,2,31,199,166,199
1,Cercado,1,Oruro,2059,Oruro,113,Col. Donato Vasquez,4000421,2,240,176,6,21,203,176,203
1,Cercado,1,Oruro,2059,Oruro,113,Col. Donato Vasquez,4000431,3,240,165,6,27,198,165,198
1,Cercado,1,Oruro,2059,Oruro,113,Col. Donato Vasquez,4000441,4,240,179,7,13,199,179,199
1,Cercado,1,Oruro,2059,Oruro,113,Col. Donato Vasquez,4000461,6,240,167,1,40,208,167,208
1,Cercado,1,Oruro,2059,Oruro,113,Col. Donato Vasquez,4000471,7,240,181,3,28,212,181,212
1,Cercado,1,Oruro,2059,Oruro,113,Col. Donato Vasquez,4000481,8,65,46,1,5,52,46,52
1,Cercado,1,Oruro,2059,Oruro,114,U. E. Mcal. Antonio Jose De Sucre,4001421,1,240,174,3,18,195,174,195
1,Cercado,1,Oruro,2059,Oruro,114,U. E. Mcal. Antonio Jose De Sucre,4001431,2,240,181,3,22,206,181,206
1,Cercado,1,Oruro,2059,Oruro,114,U. E. Mcal. Antonio Jose De Sucre,4001441,3,240,170,4,25,199,170,199
1,Cercado,1,Oruro,2059,Oruro,114,U. E. Mcal. Antonio Jose De Sucre,4001451,4,240,165,4,32,201,165,201
1,Cercado,1,Oruro,2059,Oruro,114,U. E. Mcal. Antonio Jose De Sucre,4001461,5,240,172,4,29,205,172,205
1,Cercado,1,Oruro,2059,Oruro,114,U. E. Mcal. Antonio Jose De Sucre,4001471,6,240,175,3,29,207,175,207
1,Cercado,1,Oruro,2059,Oruro,114,U. E. Mcal. Antonio Jose De Sucre,4001481,7,240,174,4,22,200,174,200
1,Cercado,1,Oruro,2059,Oruro,114,U. E. Mcal. Antonio Jose De Sucre,4001491,8,240,177,6,21,204,177,204
1,Cercado,1,Oruro,2059,Oruro,114,U. E. Mcal. Antonio Jose De Sucre,4001501,9,240,186,1,16,203,186,203
1,Cercado,1,Oruro,2059,Oruro,114,U. E. Mcal. Antonio Jose De Sucre,4001511,10,240,170,2,28,200,170,200
1,Cercado,1,Oruro,2059,Oruro,114,U. E. Mcal. Antonio Jose De Sucre,4001521,11,186,141,1,18,160,141,160
1,Cercado,1,Oruro,2059,Oruro,115,Col. Jorge Oblitas,4001531,1,240,176,2,25,203,176,203
1,Cercado,1,Oruro,2059,Oruro,115,Col. Jorge Oblitas,4001541,2,240,175,6,25,206,175,206
1,Cercado,1,Oruro,2059,Oruro,115,Col. Jorge Oblitas,4001551,3,240,183,5,16,204,183,204
1,Cercado,1,Oruro,2059,Oruro,115,Col. Jorge Oblitas,4001561,4,240,176,2,32,210,176,210
1,Cercado,1,Oruro,2059,Oruro,115,Col. Jorge Oblitas,4001571,5,240,170,3,22,195,170,195
1,Cercado,1,Oruro,2059,Oruro,115,Col. Jorge Oblitas,4001591,7,240,171,4,26,201,171,201
1,Cercado,1,Oruro,2059,Oruro,115,Col. Jorge Oblitas,4001601,8,119,86,0,20,106,86,106
1,Cercado,1,Oruro,2059,Oruro,116,U. E. Anglo Americano,4001611,1,240,172,2,36,210,172,210
1,Cercado,1,Oruro,2059,Oruro,116,U. E. Anglo Americano,4001621,2,240,165,5,22,192,165,192
1,Cercado,1,Oruro,2059,Oruro,116,U. E. Anglo Americano,4001631,3,240,165,3,28,196,165,196
1,Cercado,1,Oruro,2059,Oruro,116,U. E. Anglo Americano,4001641,4,240,181,5,22,208,181,208
1,Cercado,1,Oruro,2059,Oruro,116,U. E. Anglo Americano,4001651,5,203,133,3,30,166,133,166
1,Cercado,1,Oruro,2059,Oruro,117,U. Esc. Luis Llosa   España,4000881,1,240,185,3,25,213,185,213
1,Cercado,1,Oruro,2059,Oruro,117,U. Esc. Luis Llosa   España,4000891,2,240,186,4,22,212,186,212
1,Cercado,1,Oruro,2059,Oruro,117,U. Esc. Luis Llosa   España,4000901,3,240,181,5,18,204,181,204
1,Cercado,1,Oruro,2059,Oruro,117,U. Esc. Luis Llosa   España,4000911,4,240,177,4,32,213,177,213
1,Cercado,1,Oruro,2059,Oruro,118,Fac. De Derecho,4000931,1,240,184,0,22,206,184,206
1,Cercado,1,Oruro,2059,Oruro,118,Fac. De Derecho,4000941,2,240,165,2,22,189,165,189
1,Cercado,1,Oruro,2059,Oruro,118,Fac. De Derecho,4000951,3,240,164,3,26,193,164,193
1,Cercado,1,Oruro,2059,Oruro,118,Fac. De Derecho,4000961,4,189,148,2,19,169,148,169
1,Cercado,1,Oruro,2059,Oruro,119,Col. Nal. Juan Misael Saracho,4000971,1,240,168,1,30,199,168,199
1,Cercado,1,Oruro,2059,Oruro,119,Col. Nal. Juan Misael Saracho,4000981,2,240,172,5,18,195,172,195
1,Cercado,1,Oruro,2059,Oruro,119,Col. Nal. Juan Misael Saracho,4000991,3,240,163,0,34,197,163,197
1,Cercado,1,Oruro,2059,Oruro,119,Col. Nal. Juan Misael Saracho,4001001,4,240,180,6,21,207,180,207
1,Cercado,1,Oruro,2059,Oruro,119,Col. Nal. Juan Misael Saracho,4001011,5,240,184,1,23,208,184,208
1,Cercado,1,Oruro,2059,Oruro,119,Col. Nal. Juan Misael Saracho,4001021,6,240,171,7,35,213,171,213
1,Cercado,1,Oruro,2059,Oruro,119,Col. Nal. Juan Misael Saracho,4001031,7,240,177,3,22,202,177,202
1,Cercado,1,Oruro,2059,Oruro,119,Col. Nal. Juan Misael Saracho,4001041,8,142,90,2,19,111,90,111
1,Cercado,1,Oruro,2059,Oruro,120,U. E. Eduardo Avaroa,4001051,1,240,182,3,21,206,182,206
1,Cercado,1,Oruro,2059,Oruro,120,U. E. Eduardo Avaroa,4001061,2,240,175,4,28,207,175,207
1,Cercado,1,Oruro,2059,Oruro,120,U. E. Eduardo Avaroa,4001071,3,240,161,4,36,201,161,201
1,Cercado,1,Oruro,2059,Oruro,120,U. E. Eduardo Avaroa,4001081,4,240,177,6,26,209,177,209
1,Cercado,1,Oruro,2059,Oruro,120,U. E. Eduardo Avaroa,4001091,5,60,46,1,5,52,46,52
1,Cercado,1,Oruro,2059,Oruro,121,Esc. Juan Pablo,4010281,1,240,188,5,19,212,188,212
1,Cercado,1,Oruro,2059,Oruro,121,Esc. Juan Pablo,4010291,2,240,171,4,18,193,171,193
1,Cercado,1,Oruro,2059,Oruro,121,Esc. Juan Pablo,4010301,3,240,149,4,33,186,149,186
1,Cercado,1,Oruro,2059,Oruro,121,Esc. Juan Pablo,4010311,4,240,180,3,19,202,180,202
1,Cercado,1,Oruro,2059,Oruro,121,Esc. Juan Pablo,4010321,5,240,174,2,31,207,174,207
1,Cercado,1,Oruro,2059,Oruro,121,Esc. Juan Pablo,4010331,6,240,171,5,20,196,171,196
1,Cercado,1,Oruro,2059,Oruro,121,Esc. Juan Pablo,4010341,7,240,173,2,24,199,173,199
1,Cercado,1,Oruro,2059,Oruro,121,Esc. Juan Pablo,4010351,8,240,178,5,16,199,178,199
1,Cercado,1,Oruro,2059,Oruro,121,Esc. Juan Pablo,4010361,9,240,182,4,19,205,182,205
1,Cercado,1,Oruro,2059,Oruro,121,Esc. Juan Pablo,4010371,10,240,181,4,21,206,181,206
1,Cercado,1,Oruro,2059,Oruro,121,Esc. Juan Pablo,4010381,11,240,178,5,20,203,178,203
1,Cercado,1,Oruro,2059,Oruro,121,Esc. Juan Pablo,4010391,12,240,179,1,20,200,179,200
1,Cercado,1,Oruro,2059,Oruro,121,Esc. Juan Pablo,4010401,13,240,182,3,19,204,182,204
1,Cercado,1,Oruro,2059,Oruro,121,Esc. Juan Pablo,4010411,14,240,174,5,26,205,174,205
1,Cercado,1,Oruro,2059,Oruro,121,Esc. Juan Pablo,4010431,16,240,173,3,27,203,173,203
1,Cercado,1,Oruro,2059,Oruro,121,Esc. Juan Pablo,4010441,17,240,175,1,27,203,175,203
1,Cercado,1,Oruro,2059,Oruro,121,Esc. Juan Pablo,4010451,18,54,39,1,8,48,39,48
1,Cercado,1,Oruro,2059,Oruro,122,U. Esc. Uru Uru,4009761,1,240,176,7,24,207,176,207
1,Cercado,1,Oruro,2059,Oruro,122,U. Esc. Uru Uru,4009771,2,240,174,5,17,196,174,196
1,Cercado,1,Oruro,2059,Oruro,122,U. Esc. Uru Uru,4009781,3,240,187,4,27,218,187,218
1,Cercado,1,Oruro,2059,Oruro,122,U. Esc. Uru Uru,4009791,4,240,171,6,24,201,171,201
1,Cercado,1,Oruro,2059,Oruro,122,U. Esc. Uru Uru,4009801,5,240,186,4,16,206,186,206
1,Cercado,1,Oruro,2059,Oruro,122,U. Esc. Uru Uru,4009811,6,240,185,5,24,214,185,214
1,Cercado,1,Oruro,2059,Oruro,122,U. Esc. Uru Uru,4009821,7,240,177,5,24,206,177,206
1,Cercado,1,Oruro,2059,Oruro,122,U. Esc. Uru Uru,4009831,8,240,188,5,19,212,188,212
1,Cercado,1,Oruro,2059,Oruro,122,U. Esc. Uru Uru,4009841,9,42,36,0,3,39,36,39
1,Cercado,1,Oruro,2059,Oruro,123,Fundacion Infocal,4009851,1,240,178,5,17,200,178,200
1,Cercado,1,Oruro,2059,Oruro,123,Fundacion Infocal,4009861,2,240,176,2,22,200,176,200
1,Cercado,1,Oruro,2059,Oruro,123,Fundacion Infocal,4009871,3,240,170,2,25,197,170,197
1,Cercado,1,Oruro,2059,Oruro,123,Fundacion Infocal,4009881,4,240,174,4,26,204,174,204
1,Cercado,1,Oruro,2059,Oruro,123,Fundacion Infocal,4009891,5,107,79,3,7,89,79,89
1,Cercado,1,Oruro,2059,Oruro,124,Kinder Juancito Pinto,4009901,1,240,179,6,21,206,179,206
1,Cercado,1,Oruro,2059,Oruro,124,Kinder Juancito Pinto,4009911,2,240,180,3,21,204,180,204
1,Cercado,1,Oruro,2059,Oruro,124,Kinder Juancito Pinto,4009921,3,240,167,8,29,204,167,204
1,Cercado,1,Oruro,2059,Oruro,124,Kinder Juancito Pinto,4009931,4,240,176,3,22,201,176,201
1,Cercado,1,Oruro,2059,Oruro,124,Kinder Juancito Pinto,4009941,5,240,170,3,25,198,170,198
1,Cercado,1,Oruro,2059,Oruro,124,Kinder Juancito Pinto,4009951,6,253,193,5,25,223,193,223
1,Cercado,1,Oruro,2059,Oruro,125,Centro Educativo Alcira Cardona,4009491,1,240,187,2,8,197,187,197
1,Cercado,1,Oruro,2059,Oruro,125,Centro Educativo Alcira Cardona,4009501,2,240,170,4,21,195,170,195
1,Cercado,1,Oruro,2059,Oruro,125,Centro Educativo Alcira Cardona,4009521,4,240,191,0,22,213,191,213
1,Cercado,1,Oruro,2059,Oruro,125,Centro Educativo Alcira Cardona,4009531,5,240,184,4,25,213,184,213
1,Cercado,1,Oruro,2059,Oruro,125,Centro Educativo Alcira Cardona,4009541,6,240,171,0,37,208,171,208
1,Cercado,1,Oruro,2059,Oruro,125,Centro Educativo Alcira Cardona,4009551,7,240,157,5,27,189,157,189
1,Cercado,1,Oruro,2059,Oruro,125,Centro Educativo Alcira Cardona,4009561,8,240,164,3,22,189,164,189
1,Cercado,1,Oruro,2059,Oruro,125,Centro Educativo Alcira Cardona,4009571,9,240,187,5,18,210,187,210
1,Cercado,1,Oruro,2059,Oruro,125,Centro Educativo Alcira Cardona,4009581,10,240,183,2,22,207,183,207
1,Cercado,1,Oruro,2059,Oruro,125,Centro Educativo Alcira Cardona,4009591,11,240,187,4,16,207,187,207
1,Cercado,1,Oruro,2059,Oruro,126,U. Esc. Hijos Del Sol (Plan 500),4009961,1,240,180,3,18,201,180,201
1,Cercado,1,Oruro,2059,Oruro,126,U. Esc. Hijos Del Sol (Plan 500),4009971,2,240,178,2,26,206,178,206
1,Cercado,1,Oruro,2059,Oruro,126,U. Esc. Hijos Del Sol (Plan 500),4009981,3,240,175,1,29,205,175,205
1,Cercado,1,Oruro,2059,Oruro,126,U. Esc. Hijos Del Sol (Plan 500),4009991,4,240,176,2,16,194,176,194
1,Cercado,1,Oruro,2059,Oruro,126,U. Esc. Hijos Del Sol (Plan 500),4010001,5,240,178,2,22,202,178,202
1,Cercado,1,Oruro,2059,Oruro,126,U. Esc. Hijos Del Sol (Plan 500),4010011,6,240,184,1,19,204,184,204
1,Cercado,1,Oruro,2059,Oruro,126,U. Esc. Hijos Del Sol (Plan 500),4010021,7,240,169,4,27,200,169,200
1,Cercado,1,Oruro,2059,Oruro,126,U. Esc. Hijos Del Sol (Plan 500),4010031,8,240,171,2,24,197,171,197
1,Cercado,1,Oruro,2059,Oruro,126,U. Esc. Hijos Del Sol (Plan 500),4010041,9,58,47,0,5,52,47,52
1,Cercado,1,Oruro,2059,Oruro,127,Col. Nal.Mixto Mejillones (V. Challacollo),4010091,1,240,172,3,20,195,172,195
1,Cercado,1,Oruro,2059,Oruro,127,Col. Nal.Mixto Mejillones (V. Challacollo),4010101,2,240,180,2,17,199,180,199
1,Cercado,1,Oruro,2059,Oruro,127,Col. Nal.Mixto Mejillones (V. Challacollo),4010111,3,240,182,4,15,201,182,201
1,Cercado,1,Oruro,2059,Oruro,127,Col. Nal.Mixto Mejillones (V. Challacollo),4010121,4,240,177,2,18,197,177,197
1,Cercado,1,Oruro,2059,Oruro,127,Col. Nal.Mixto Mejillones (V. Challacollo),4010131,5,240,180,3,18,201,180,201
1,Cercado,1,Oruro,2059,Oruro,127,Col. Nal.Mixto Mejillones (V. Challacollo),4010141,6,240,170,3,27,200,170,200
1,Cercado,1,Oruro,2059,Oruro,127,Col. Nal.Mixto Mejillones (V. Challacollo),4010151,7,240,175,3,16,194,175,194
1,Cercado,1,Oruro,2059,Oruro,127,Col. Nal.Mixto Mejillones (V. Challacollo),4010161,8,143,103,1,13,117,103,117
1,Cercado,1,Oruro,2059,Oruro,128,Col. Particular La Salle,4009611,1,240,184,1,28,213,184,213
1,Cercado,1,Oruro,2059,Oruro,128,Col. Particular La Salle,4009621,2,240,172,5,30,207,172,207
1,Cercado,1,Oruro,2059,Oruro,128,Col. Particular La Salle,4009631,3,240,182,2,10,194,182,194
1,Cercado,1,Oruro,2059,Oruro,128,Col. Particular La Salle,4009641,4,240,179,3,26,208,179,208
1,Cercado,1,Oruro,2059,Oruro,128,Col. Particular La Salle,4009651,5,240,190,6,19,215,190,215
1,Cercado,1,Oruro,2059,Oruro,128,Col. Particular La Salle,4009671,7,240,180,6,20,206,180,206
1,Cercado,1,Oruro,2059,Oruro,128,Col. Particular La Salle,4009681,8,240,176,4,23,203,176,203
1,Cercado,1,Oruro,2059,Oruro,128,Col. Particular La Salle,4009691,9,240,171,6,31,208,171,208
1,Cercado,1,Oruro,2059,Oruro,128,Col. Particular La Salle,4009701,10,240,169,6,36,211,169,211
1,Cercado,1,Oruro,2059,Oruro,128,Col. Particular La Salle,4009711,11,160,124,3,19,146,124,146
1,Cercado,1,Oruro,2059,Oruro,129,Col. Marcos Beltran Avila,4007521,1,240,184,3,13,200,184,200
1,Cercado,1,Oruro,2059,Oruro,129,Col. Marcos Beltran Avila,4007531,2,240,166,4,23,193,166,193
1,Cercado,1,Oruro,2059,Oruro,129,Col. Marcos Beltran Avila,4007541,3,240,183,3,14,200,183,200
1,Cercado,1,Oruro,2059,Oruro,129,Col. Marcos Beltran Avila,4007551,4,240,177,5,20,202,177,202
1,Cercado,1,Oruro,2059,Oruro,129,Col. Marcos Beltran Avila,4007561,5,240,169,3,23,195,169,195
1,Cercado,1,Oruro,2059,Oruro,129,Col. Marcos Beltran Avila,4007571,6,240,173,2,24,199,173,199
1,Cercado,1,Oruro,2059,Oruro,129,Col. Marcos Beltran Avila,4007581,7,240,172,2,20,194,172,194
1,Cercado,1,Oruro,2059,Oruro,129,Col. Marcos Beltran Avila,4007591,8,240,170,3,20,193,170,193
1,Cercado,1,Oruro,2059,Oruro,129,Col. Marcos Beltran Avila,4007601,9,240,181,1,17,199,181,199
1,Cercado,1,Oruro,2059,Oruro,129,Col. Marcos Beltran Avila,4007611,10,225,167,5,21,193,167,193
1,Cercado,1,Oruro,2059,Oruro,130,U. Esc. Benemeritos De La Patria,4006901,1,240,196,3,13,212,196,212
1,Cercado,1,Oruro,2059,Oruro,130,U. Esc. Benemeritos De La Patria,4006911,2,240,182,3,19,204,182,204
1,Cercado,1,Oruro,2059,Oruro,130,U. Esc. Benemeritos De La Patria,4006921,3,240,180,3,25,208,180,208
1,Cercado,1,Oruro,2059,Oruro,130,U. Esc. Benemeritos De La Patria,4006931,4,240,173,6,19,198,173,198
1,Cercado,1,Oruro,2059,Oruro,130,U. Esc. Benemeritos De La Patria,4006941,5,240,179,4,25,208,179,208
1,Cercado,1,Oruro,2059,Oruro,130,U. Esc. Benemeritos De La Patria,4006951,6,240,180,1,25,206,180,206
1,Cercado,1,Oruro,2059,Oruro,130,U. Esc. Benemeritos De La Patria,4006961,7,240,181,4,16,201,181,201
1,Cercado,1,Oruro,2059,Oruro,130,U. Esc. Benemeritos De La Patria,4006971,8,240,178,6,18,202,178,202
1,Cercado,1,Oruro,2059,Oruro,130,U. Esc. Benemeritos De La Patria,4006981,9,223,167,5,26,198,167,198
1,Cercado,1,Oruro,2059,Oruro,131,U. E. Luis Mario Careaga,4007621,1,240,159,4,24,187,159,187
1,Cercado,1,Oruro,2059,Oruro,131,U. E. Luis Mario Careaga,4007631,2,240,177,6,11,194,177,194
1,Cercado,1,Oruro,2059,Oruro,131,U. E. Luis Mario Careaga,4007641,3,240,180,3,22,205,180,205
1,Cercado,1,Oruro,2059,Oruro,131,U. E. Luis Mario Careaga,4007651,4,240,182,7,25,214,182,214
1,Cercado,1,Oruro,2059,Oruro,131,U. E. Luis Mario Careaga,4007661,5,240,170,3,19,192,170,192
1,Cercado,1,Oruro,2059,Oruro,131,U. E. Luis Mario Careaga,4007671,6,240,179,4,18,201,179,201
1,Cercado,1,Oruro,2059,Oruro,131,U. E. Luis Mario Careaga,4007681,7,240,170,8,21,199,170,199
1,Cercado,1,Oruro,2059,Oruro,131,U. E. Luis Mario Careaga,4007691,8,240,177,1,18,196,177,196
1,Cercado,1,Oruro,2059,Oruro,131,U. E. Luis Mario Careaga,4007701,9,240,192,1,14,207,192,207
1,Cercado,1,Oruro,2059,Oruro,131,U. E. Luis Mario Careaga,4007711,10,240,174,3,26,203,174,203
1,Cercado,1,Oruro,2059,Oruro,131,U. E. Luis Mario Careaga,4007721,11,240,166,4,20,190,166,190
1,Cercado,1,Oruro,2059,Oruro,131,U. E. Luis Mario Careaga,4007731,12,240,170,0,23,193,170,193
1,Cercado,1,Oruro,2059,Oruro,131,U. E. Luis Mario Careaga,4007741,13,240,174,4,19,197,174,197
1,Cercado,1,Oruro,2059,Oruro,131,U. E. Luis Mario Careaga,4007751,14,240,168,3,27,198,168,198
1,Cercado,1,Oruro,2059,Oruro,131,U. E. Luis Mario Careaga,4007761,15,240,181,3,19,203,181,203
1,Cercado,1,Oruro,2059,Oruro,131,U. E. Luis Mario Careaga,4007771,16,240,178,2,23,203,178,203
1,Cercado,1,Oruro,2059,Oruro,131,U. E. Luis Mario Careaga,4007781,17,240,174,8,29,211,174,211
1,Cercado,1,Oruro,2059,Oruro,131,U. E. Luis Mario Careaga,4007791,18,240,175,2,28,205,175,205
1,Cercado,1,Oruro,2059,Oruro,131,U. E. Luis Mario Careaga,4007801,19,240,169,3,24,196,169,196
1,Cercado,1,Oruro,2059,Oruro,131,U. E. Luis Mario Careaga,4007811,20,240,177,3,20,200,177,200
1,Cercado,1,Oruro,2059,Oruro,131,U. E. Luis Mario Careaga,4007821,21,240,181,5,27,213,181,213
1,Cercado,1,Oruro,2059,Oruro,131,U. E. Luis Mario Careaga,4007831,22,240,171,2,28,201,171,201
1,Cercado,1,Oruro,2059,Oruro,131,U. E. Luis Mario Careaga,4007841,23,240,164,4,25,193,164,193
1,Cercado,1,Oruro,2059,Oruro,131,U. E. Luis Mario Careaga,4007851,24,240,168,2,11,181,168,181
1,Cercado,1,Oruro,2059,Oruro,131,U. E. Luis Mario Careaga,4007861,25,244,166,5,23,194,166,194
1,Cercado,1,Oruro,2059,Oruro,132,Kinder Edith Zamora De Paz,4007871,1,240,176,2,24,202,176,202
1,Cercado,1,Oruro,2059,Oruro,132,Kinder Edith Zamora De Paz,4007881,2,240,181,0,25,206,181,206
1,Cercado,1,Oruro,2059,Oruro,132,Kinder Edith Zamora De Paz,4007891,3,240,175,5,24,204,175,204
1,Cercado,1,Oruro,2059,Oruro,132,Kinder Edith Zamora De Paz,4007901,4,240,193,2,14,209,193,209
1,Cercado,1,Oruro,2059,Oruro,132,Kinder Edith Zamora De Paz,4007911,5,240,179,8,23,210,179,210
1,Cercado,1,Oruro,2059,Oruro,132,Kinder Edith Zamora De Paz,4007921,6,240,182,5,16,203,182,203
1,Cercado,1,Oruro,2059,Oruro,132,Kinder Edith Zamora De Paz,4007931,7,240,166,1,28,195,166,195
1,Cercado,1,Oruro,2059,Oruro,132,Kinder Edith Zamora De Paz,4007941,8,240,187,0,22,209,187,209
1,Cercado,1,Oruro,2059,Oruro,132,Kinder Edith Zamora De Paz,4007951,9,240,179,4,20,203,179,203
1,Cercado,1,Oruro,2059,Oruro,132,Kinder Edith Zamora De Paz,4007961,10,240,172,4,28,204,172,204
1,Cercado,1,Oruro,2059,Oruro,132,Kinder Edith Zamora De Paz,4007971,11,78,58,0,12,70,58,70
1,Cercado,1,Oruro,2059,Oruro,133,U. Esc. San Ignacio De Loyola,4007981,1,240,199,5,10,214,199,214
1,Cercado,1,Oruro,2059,Oruro,133,U. Esc. San Ignacio De Loyola,4008001,3,240,181,6,18,205,181,205
1,Cercado,1,Oruro,2059,Oruro,133,U. Esc. San Ignacio De Loyola,4008011,4,240,190,5,24,219,190,219
1,Cercado,1,Oruro,2059,Oruro,133,U. Esc. San Ignacio De Loyola,4008021,5,240,181,7,19,207,181,207
1,Cercado,1,Oruro,2059,Oruro,133,U. Esc. San Ignacio De Loyola,4008031,6,240,194,2,25,221,194,221
1,Cercado,1,Oruro,2059,Oruro,133,U. Esc. San Ignacio De Loyola,4008041,7,240,191,2,22,215,191,215
1,Cercado,1,Oruro,2059,Oruro,133,U. Esc. San Ignacio De Loyola,4008051,8,240,186,7,16,209,186,209
1,Cercado,1,Oruro,2059,Oruro,133,U. Esc. San Ignacio De Loyola,4008061,9,240,178,4,24,206,178,206
1,Cercado,1,Oruro,2059,Oruro,133,U. Esc. San Ignacio De Loyola,4008071,10,240,180,2,19,201,180,201
1,Cercado,1,Oruro,2059,Oruro,133,U. Esc. San Ignacio De Loyola,4008081,11,240,173,4,30,207,173,207
1,Cercado,1,Oruro,2059,Oruro,133,U. Esc. San Ignacio De Loyola,4008091,12,240,178,5,27,210,178,210
1,Cercado,1,Oruro,2059,Oruro,133,U. Esc. San Ignacio De Loyola,4008101,13,240,182,2,24,208,182,208
1,Cercado,1,Oruro,2059,Oruro,133,U. Esc. San Ignacio De Loyola,4008111,14,240,191,1,15,207,191,207
1,Cercado,1,Oruro,2059,Oruro,133,U. Esc. San Ignacio De Loyola,4008121,15,240,188,2,20,210,188,210
1,Cercado,1,Oruro,2059,Oruro,133,U. Esc. San Ignacio De Loyola,4008131,16,240,181,4,18,203,181,203
1,Cercado,1,Oruro,2059,Oruro,133,U. Esc. San Ignacio De Loyola,4008141,17,240,182,5,21,208,182,208
1,Cercado,1,Oruro,2059,Oruro,133,U. Esc. San Ignacio De Loyola,4008151,18,240,179,2,28,209,179,209
1,Cercado,1,Oruro,2059,Oruro,133,U. Esc. San Ignacio De Loyola,4008161,19,240,189,5,15,209,189,209
1,Cercado,1,Oruro,2059,Oruro,133,U. Esc. San Ignacio De Loyola,4008171,20,240,181,3,28,212,181,212
1,Cercado,1,Oruro,2059,Oruro,133,U. Esc. San Ignacio De Loyola,4008181,21,240,196,1,24,221,196,221
1,Cercado,1,Oruro,2059,Oruro,133,U. Esc. San Ignacio De Loyola,4008191,22,240,181,4,21,206,181,206
1,Cercado,1,Oruro,2059,Oruro,133,U. Esc. San Ignacio De Loyola,4008201,23,240,182,4,23,209,182,209
1,Cercado,1,Oruro,2059,Oruro,133,U. Esc. San Ignacio De Loyola,4008211,24,240,178,5,19,202,178,202
1,Cercado,1,Oruro,2059,Oruro,133,U. Esc. San Ignacio De Loyola,4008221,25,100,80,0,3,83,80,83
1,Cercado,1,Oruro,2059,Oruro,134,U. E. Jesus de Nazareth,4008231,1,240,192,4,25,221,192,221
1,Cercado,1,Oruro,2059,Oruro,134,U. E. Jesus de Nazareth,4008241,2,240,162,5,30,197,162,197
1,Cercado,1,Oruro,2059,Oruro,134,U. E. Jesus de Nazareth,4008251,3,240,172,3,29,204,172,204
1,Cercado,1,Oruro,2059,Oruro,134,U. E. Jesus de Nazareth,4008271,5,240,176,4,25,205,176,205
1,Cercado,1,Oruro,2059,Oruro,134,U. E. Jesus de Nazareth,4008281,6,240,186,3,22,211,186,211
1,Cercado,1,Oruro,2059,Oruro,134,U. E. Jesus de Nazareth,4008311,9,240,179,4,17,200,179,200
1,Cercado,1,Oruro,2059,Oruro,134,U. E. Jesus de Nazareth,4008351,13,240,172,3,28,203,172,203
1,Cercado,1,Oruro,2059,Oruro,134,U. E. Jesus de Nazareth,4008371,15,240,180,4,26,210,180,210
1,Cercado,1,Oruro,2059,Oruro,134,U. E. Jesus de Nazareth,4008391,17,240,183,2,27,212,183,212
1,Cercado,1,Oruro,2059,Oruro,135,U. Esc. Oruro Otawa (Primaria),4008471,7,240,185,6,20,211,185,211
1,Cercado,1,Oruro,2059,Oruro,135,U. Esc. Oruro Otawa (Primaria),4008501,10,240,171,3,22,196,171,196
1,Cercado,1,Oruro,2059,Oruro,135,U. Esc. Oruro Otawa (Primaria),4008521,12,240,181,4,18,203,181,203
1,Cercado,1,Oruro,2059,Oruro,135,U. Esc. Oruro Otawa (Primaria),4008531,13,258,207,4,19,230,207,230
1,Cercado,1,Oruro,2059,Oruro,136,Centro Educativo Luis Espinal,4008541,1,240,193,3,24,220,193,220
1,Cercado,1,Oruro,2059,Oruro,136,Centro Educativo Luis Espinal,4008551,2,240,189,4,22,215,189,215
1,Cercado,1,Oruro,2059,Oruro,136,Centro Educativo Luis Espinal,4008561,3,240,197,5,18,220,197,220
1,Cercado,1,Oruro,2059,Oruro,136,Centro Educativo Luis Espinal,4008571,4,123,98,1,14,113,98,113
1,Cercado,1,Oruro,2059,Oruro,137,U. E. Oruro Otawa (Secundaria),4008581,1,240,196,3,13,212,196,212
1,Cercado,1,Oruro,2059,Oruro,137,U. E. Oruro Otawa (Secundaria),4008591,2,240,162,9,24,195,162,195
1,Cercado,1,Oruro,2059,Oruro,137,U. E. Oruro Otawa (Secundaria),4008601,3,240,170,8,21,199,170,199
1,Cercado,1,Oruro,2059,Oruro,137,U. E. Oruro Otawa (Secundaria),4008611,4,240,183,4,21,208,183,208
1,Cercado,1,Oruro,2059,Oruro,137,U. E. Oruro Otawa (Secundaria),4008621,5,240,177,4,23,204,177,204
1,Cercado,1,Oruro,2059,Oruro,137,U. E. Oruro Otawa (Secundaria),4008631,6,240,162,4,26,192,162,192
1,Cercado,1,Oruro,2059,Oruro,137,U. E. Oruro Otawa (Secundaria),4008641,7,240,165,1,26,192,165,192
1,Cercado,1,Oruro,2059,Oruro,137,U. E. Oruro Otawa (Secundaria),4008651,8,240,185,3,27,215,185,215
1,Cercado,1,Oruro,2059,Oruro,137,U. E. Oruro Otawa (Secundaria),4008661,9,225,179,1,20,200,179,200
1,Cercado,1,Oruro,2059,Oruro,138,Col. Nal. Mixto Carmen Guzman De Mier,4005711,1,240,189,1,15,205,189,205
1,Cercado,1,Oruro,2059,Oruro,138,Col. Nal. Mixto Carmen Guzman De Mier,4005721,2,240,167,5,27,199,167,199
1,Cercado,1,Oruro,2059,Oruro,138,Col. Nal. Mixto Carmen Guzman De Mier,4005731,3,240,183,3,22,208,183,208
1,Cercado,1,Oruro,2059,Oruro,138,Col. Nal. Mixto Carmen Guzman De Mier,4005741,4,240,183,2,20,205,183,205
1,Cercado,1,Oruro,2059,Oruro,138,Col. Nal. Mixto Carmen Guzman De Mier,4005751,5,240,186,5,19,210,186,210
1,Cercado,1,Oruro,2059,Oruro,138,Col. Nal. Mixto Carmen Guzman De Mier,4005761,6,240,192,5,15,212,192,212
1,Cercado,1,Oruro,2059,Oruro,138,Col. Nal. Mixto Carmen Guzman De Mier,4005771,7,240,182,5,19,206,182,206
1,Cercado,1,Oruro,2059,Oruro,138,Col. Nal. Mixto Carmen Guzman De Mier,4005781,8,240,187,0,16,203,187,203
1,Cercado,1,Oruro,2059,Oruro,138,Col. Nal. Mixto Carmen Guzman De Mier,4005791,9,240,181,1,25,207,181,207
1,Cercado,1,Oruro,2059,Oruro,138,Col. Nal. Mixto Carmen Guzman De Mier,4005801,10,240,192,2,18,212,192,212
1,Cercado,1,Oruro,2059,Oruro,138,Col. Nal. Mixto Carmen Guzman De Mier,4005811,11,240,189,7,19,215,189,215
1,Cercado,1,Oruro,2059,Oruro,138,Col. Nal. Mixto Carmen Guzman De Mier,4005821,12,240,182,2,23,207,182,207
1,Cercado,1,Oruro,2059,Oruro,138,Col. Nal. Mixto Carmen Guzman De Mier,4005831,13,240,178,1,18,197,178,197
1,Cercado,1,Oruro,2059,Oruro,138,Col. Nal. Mixto Carmen Guzman De Mier,4005841,14,240,188,3,21,212,188,212
1,Cercado,1,Oruro,2059,Oruro,138,Col. Nal. Mixto Carmen Guzman De Mier,4005851,15,240,179,7,21,207,179,207
1,Cercado,1,Oruro,2059,Oruro,138,Col. Nal. Mixto Carmen Guzman De Mier,4005861,16,240,175,4,27,206,175,206
1,Cercado,1,Oruro,2059,Oruro,138,Col. Nal. Mixto Carmen Guzman De Mier,4005871,17,240,184,1,25,210,184,210
1,Cercado,1,Oruro,2059,Oruro,138,Col. Nal. Mixto Carmen Guzman De Mier,4005881,18,240,181,3,22,206,181,206
1,Cercado,1,Oruro,2059,Oruro,138,Col. Nal. Mixto Carmen Guzman De Mier,4005891,19,240,179,4,20,203,179,203
1,Cercado,1,Oruro,2059,Oruro,138,Col. Nal. Mixto Carmen Guzman De Mier,4005901,20,240,183,6,21,210,183,210
1,Cercado,1,Oruro,2059,Oruro,138,Col. Nal. Mixto Carmen Guzman De Mier,4005911,21,240,192,3,19,214,192,214
1,Cercado,1,Oruro,2059,Oruro,138,Col. Nal. Mixto Carmen Guzman De Mier,4005921,22,240,180,2,23,205,180,205
1,Cercado,1,Oruro,2059,Oruro,138,Col. Nal. Mixto Carmen Guzman De Mier,4005931,23,240,189,3,16,208,189,208
1,Cercado,1,Oruro,2059,Oruro,138,Col. Nal. Mixto Carmen Guzman De Mier,4005941,24,218,171,3,14,188,171,188
1,Cercado,1,Oruro,2059,Oruro,139,U. E. Santa Rosa,4004231,2,240,179,3,22,204,179,204
1,Cercado,1,Oruro,2059,Oruro,139,U. E. Santa Rosa,4004241,3,240,167,2,32,201,167,201
1,Cercado,1,Oruro,2059,Oruro,139,U. E. Santa Rosa,4004251,4,240,184,2,21,207,184,207
1,Cercado,1,Oruro,2059,Oruro,139,U. E. Santa Rosa,4004261,5,240,177,4,26,207,177,207
1,Cercado,1,Oruro,2059,Oruro,139,U. E. Santa Rosa,4004271,6,240,160,2,26,188,160,188
1,Cercado,1,Oruro,2059,Oruro,139,U. E. Santa Rosa,4004281,7,240,185,2,19,206,185,206
1,Cercado,1,Oruro,2059,Oruro,139,U. E. Santa Rosa,4004291,8,240,180,6,20,206,180,206
1,Cercado,1,Oruro,2059,Oruro,139,U. E. Santa Rosa,4004301,9,240,183,1,17,201,183,201
1,Cercado,1,Oruro,2059,Oruro,139,U. E. Santa Rosa,4004311,10,177,128,3,28,159,128,159
1,Cercado,1,Oruro,2059,Oruro,140,U.E. Bolivia Vinto,4004831,1,240,185,1,22,208,185,208
1,Cercado,1,Oruro,2059,Oruro,140,U.E. Bolivia Vinto,4004841,2,240,171,4,22,197,171,197
1,Cercado,1,Oruro,2059,Oruro,140,U.E. Bolivia Vinto,4004851,3,240,166,5,22,193,166,193
1,Cercado,1,Oruro,2059,Oruro,140,U.E. Bolivia Vinto,4004861,4,240,153,5,36,194,153,194
1,Cercado,1,Oruro,2059,Oruro,140,U.E. Bolivia Vinto,4004871,5,240,161,3,26,190,161,190
1,Cercado,1,Oruro,2059,Oruro,140,U.E. Bolivia Vinto,4004881,6,240,166,1,26,193,166,193
1,Cercado,1,Oruro,2059,Oruro,140,U.E. Bolivia Vinto,4004891,7,240,173,8,26,207,173,207
1,Cercado,1,Oruro,2059,Oruro,140,U.E. Bolivia Vinto,4004901,8,240,169,1,32,202,169,202
1,Cercado,1,Oruro,2059,Oruro,140,U.E. Bolivia Vinto,4004911,9,240,172,3,23,198,172,198
1,Cercado,1,Oruro,2059,Oruro,140,U.E. Bolivia Vinto,4004921,10,240,161,3,21,185,161,185
1,Cercado,1,Oruro,2059,Oruro,140,U.E. Bolivia Vinto,4004931,11,240,182,5,26,213,182,213
1,Cercado,1,Oruro,2059,Oruro,140,U.E. Bolivia Vinto,4004941,12,240,185,1,21,207,185,207
1,Cercado,1,Oruro,2059,Oruro,140,U.E. Bolivia Vinto,4004951,13,240,171,1,21,193,171,193
1,Cercado,1,Oruro,2059,Oruro,140,U.E. Bolivia Vinto,4004961,14,240,175,2,25,202,175,202
1,Cercado,1,Oruro,2059,Oruro,140,U.E. Bolivia Vinto,4004981,16,240,167,2,26,195,167,195
1,Cercado,1,Oruro,2059,Oruro,140,U.E. Bolivia Vinto,4004991,17,240,177,2,29,208,177,208
1,Cercado,1,Oruro,2059,Oruro,140,U.E. Bolivia Vinto,4005001,18,240,167,5,21,193,167,193
1,Cercado,1,Oruro,2059,Oruro,140,U.E. Bolivia Vinto,4005011,19,240,163,11,27,201,163,201
1,Cercado,1,Oruro,2059,Oruro,140,U.E. Bolivia Vinto,4005021,20,240,174,1,18,193,174,193
1,Cercado,1,Oruro,2059,Oruro,140,U.E. Bolivia Vinto,4005031,21,240,176,6,16,198,176,198
1,Cercado,1,Oruro,2059,Oruro,140,U.E. Bolivia Vinto,4005041,22,240,163,6,22,191,163,191
1,Cercado,1,Oruro,2059,Oruro,140,U.E. Bolivia Vinto,4005051,23,240,161,2,38,201,161,201
1,Cercado,1,Oruro,2059,Oruro,140,U.E. Bolivia Vinto,4005061,24,240,168,4,30,202,168,202
1,Cercado,1,Oruro,2059,Oruro,140,U.E. Bolivia Vinto,4005071,25,240,162,2,34,198,162,198
1,Cercado,1,Oruro,2059,Oruro,140,U.E. Bolivia Vinto,4005091,27,240,175,3,24,202,175,202
1,Cercado,1,Oruro,2059,Oruro,140,U.E. Bolivia Vinto,4005101,28,240,178,4,20,202,178,202
1,Cercado,1,Oruro,2059,Oruro,140,U.E. Bolivia Vinto,4005111,29,84,58,1,12,71,58,71
1,Cercado,1,Oruro,2059,Oruro,141,U.E. Tomas Barron,4002351,1,240,182,5,25,212,182,212
1,Cercado,1,Oruro,2059,Oruro,141,U.E. Tomas Barron,4002361,2,240,176,3,24,203,176,203
1,Cercado,1,Oruro,2059,Oruro,141,U.E. Tomas Barron,4002371,3,240,179,3,25,207,179,207
1,Cercado,1,Oruro,2059,Oruro,141,U.E. Tomas Barron,4002381,4,240,189,3,18,210,189,210
1,Cercado,1,Oruro,2059,Oruro,141,U.E. Tomas Barron,4002391,5,240,176,2,33,211,176,211
1,Cercado,1,Oruro,2059,Oruro,141,U.E. Tomas Barron,4002401,6,240,184,1,25,210,184,210
1,Cercado,1,Oruro,2059,Oruro,141,U.E. Tomas Barron,4002411,7,240,172,2,31,205,172,205
1,Cercado,1,Oruro,2059,Oruro,141,U.E. Tomas Barron,4002421,8,240,181,3,24,208,181,208
1,Cercado,1,Oruro,2059,Oruro,141,U.E. Tomas Barron,4002431,9,240,194,1,24,219,194,219
1,Cercado,1,Oruro,2059,Oruro,141,U.E. Tomas Barron,4002441,10,240,179,1,26,206,179,206
1,Cercado,1,Oruro,2059,Oruro,141,U.E. Tomas Barron,4002451,11,240,186,2,22,210,186,210
1,Cercado,1,Oruro,2059,Oruro,141,U.E. Tomas Barron,4002461,12,240,175,4,32,211,175,211
1,Cercado,1,Oruro,2059,Oruro,141,U.E. Tomas Barron,4002471,13,200,145,3,26,174,145,174
1,Cercado,1,Oruro,2059,Oruro,143,U. E. Movimiento Sin Techo,4008701,1,240,155,8,30,193,155,193
1,Cercado,1,Oruro,2059,Oruro,143,U. E. Movimiento Sin Techo,4008711,2,240,152,4,32,188,152,188
1,Cercado,1,Oruro,2059,Oruro,143,U. E. Movimiento Sin Techo,4008721,3,240,171,2,29,202,171,202
1,Cercado,1,Oruro,2059,Oruro,143,U. E. Movimiento Sin Techo,4008731,4,240,165,1,32,198,165,198
1,Cercado,1,Oruro,2059,Oruro,143,U. E. Movimiento Sin Techo,4008741,5,240,167,1,29,197,167,197
1,Cercado,1,Oruro,2059,Oruro,143,U. E. Movimiento Sin Techo,4008751,6,240,165,2,31,198,165,198
1,Cercado,1,Oruro,2059,Oruro,143,U. E. Movimiento Sin Techo,4008761,7,240,161,6,32,199,161,199
1,Cercado,1,Oruro,2059,Oruro,143,U. E. Movimiento Sin Techo,4008771,8,240,156,3,28,187,156,187
1,Cercado,1,Oruro,2059,Oruro,143,U. E. Movimiento Sin Techo,4008781,9,240,142,3,29,174,142,174
1,Cercado,1,Oruro,2059,Oruro,143,U. E. Movimiento Sin Techo,4008791,10,240,171,1,29,201,171,201
1,Cercado,1,Oruro,2059,Oruro,143,U. E. Movimiento Sin Techo,4008801,11,240,166,3,21,190,166,190
1,Cercado,1,Oruro,2059,Oruro,143,U. E. Movimiento Sin Techo,4008811,12,240,159,2,29,190,159,190
1,Cercado,1,Oruro,2059,Oruro,143,U. E. Movimiento Sin Techo,4008821,13,240,163,6,25,194,163,194
1,Cercado,1,Oruro,2059,Oruro,143,U. E. Movimiento Sin Techo,4008831,14,240,167,4,31,202,167,202
1,Cercado,1,Oruro,2059,Oruro,143,U. E. Movimiento Sin Techo,4008841,15,240,148,2,35,185,148,185
1,Cercado,1,Oruro,2059,Oruro,143,U. E. Movimiento Sin Techo,4008851,16,240,152,4,35,191,152,191
1,Cercado,1,Oruro,2059,Oruro,143,U. E. Movimiento Sin Techo,4008861,17,240,168,6,25,199,168,199
1,Cercado,1,Oruro,2059,Oruro,143,U. E. Movimiento Sin Techo,4008871,18,240,156,5,35,196,156,196
1,Cercado,1,Oruro,2059,Oruro,143,U. E. Movimiento Sin Techo,4008881,19,240,169,3,30,202,169,202
1,Cercado,1,Oruro,2059,Oruro,143,U. E. Movimiento Sin Techo,4008891,20,240,168,4,28,200,168,200
1,Cercado,1,Oruro,2059,Oruro,143,U. E. Movimiento Sin Techo,4008901,21,240,142,4,33,179,142,179
1,Cercado,1,Oruro,2059,Oruro,143,U. E. Movimiento Sin Techo,4008911,22,240,158,6,27,191,158,191
1,Cercado,1,Oruro,2059,Oruro,143,U. E. Movimiento Sin Techo,4008921,23,240,165,7,21,193,165,193
1,Cercado,1,Oruro,2059,Oruro,143,U. E. Movimiento Sin Techo,4008931,24,240,162,4,28,194,162,194
1,Cercado,1,Oruro,2059,Oruro,143,U. E. Movimiento Sin Techo,4008941,25,240,161,5,24,190,161,190
1,Cercado,1,Oruro,2059,Oruro,143,U. E. Movimiento Sin Techo,4008951,26,240,173,1,24,198,173,198
1,Cercado,1,Oruro,2059,Oruro,143,U. E. Movimiento Sin Techo,4008961,27,240,152,2,36,190,152,190
1,Cercado,1,Oruro,2059,Oruro,143,U. E. Movimiento Sin Techo,4008971,28,245,157,7,34,198,157,198
1,Cercado,1,Oruro,2059,Oruro,144,U.E. Niño Quirquincho Feliz,4009241,1,240,162,3,29,194,162,194
1,Cercado,1,Oruro,2059,Oruro,144,U.E. Niño Quirquincho Feliz,4009251,2,240,159,6,27,192,159,192
1,Cercado,1,Oruro,2059,Oruro,144,U.E. Niño Quirquincho Feliz,4009261,3,240,179,1,19,199,179,199
1,Cercado,1,Oruro,2059,Oruro,144,U.E. Niño Quirquincho Feliz,4009271,4,240,174,4,19,197,174,197
1,Cercado,1,Oruro,2059,Oruro,144,U.E. Niño Quirquincho Feliz,4009281,5,240,174,2,26,202,174,202
1,Cercado,1,Oruro,2059,Oruro,144,U.E. Niño Quirquincho Feliz,4009291,6,240,171,5,25,201,171,201
1,Cercado,1,Oruro,2059,Oruro,144,U.E. Niño Quirquincho Feliz,4009301,7,240,160,1,32,193,160,193
1,Cercado,1,Oruro,2059,Oruro,144,U.E. Niño Quirquincho Feliz,4009311,8,240,163,2,29,194,163,194
1,Cercado,1,Oruro,2059,Oruro,144,U.E. Niño Quirquincho Feliz,4009321,9,240,167,2,22,191,167,191
1,Cercado,1,Oruro,2059,Oruro,144,U.E. Niño Quirquincho Feliz,4009331,10,240,167,4,30,201,167,201
1,Cercado,1,Oruro,2059,Oruro,144,U.E. Niño Quirquincho Feliz,4009341,11,240,185,4,19,208,185,208
1,Cercado,1,Oruro,2059,Oruro,144,U.E. Niño Quirquincho Feliz,4009351,12,96,67,2,5,74,67,74
1,Cercado,1,Oruro,2059,Oruro,145,U.E. Los Angeles De Nazaria Ignacia,4003781,1,240,176,3,26,205,176,205
1,Cercado,1,Oruro,2059,Oruro,145,U.E. Los Angeles De Nazaria Ignacia,4003791,2,240,162,4,28,194,162,194
1,Cercado,1,Oruro,2059,Oruro,145,U.E. Los Angeles De Nazaria Ignacia,4003801,3,240,175,3,23,201,175,201
1,Cercado,1,Oruro,2059,Oruro,145,U.E. Los Angeles De Nazaria Ignacia,4003811,4,240,171,6,27,204,171,204
1,Cercado,1,Oruro,2059,Oruro,145,U.E. Los Angeles De Nazaria Ignacia,4003821,5,240,185,6,19,210,185,210
1,Cercado,1,Oruro,2059,Oruro,145,U.E. Los Angeles De Nazaria Ignacia,4003831,6,240,175,4,23,202,175,202
1,Cercado,1,Oruro,2059,Oruro,145,U.E. Los Angeles De Nazaria Ignacia,4003841,7,240,185,1,21,207,185,207
1,Cercado,1,Oruro,2059,Oruro,145,U.E. Los Angeles De Nazaria Ignacia,4003851,8,240,181,4,26,211,181,211
1,Cercado,1,Oruro,2059,Oruro,145,U.E. Los Angeles De Nazaria Ignacia,4003861,9,240,170,2,28,200,170,200
1,Cercado,1,Oruro,2059,Oruro,145,U.E. Los Angeles De Nazaria Ignacia,4003871,10,200,155,4,18,177,155,177
1,Cercado,1,Oruro,2059,Oruro,146,U. Esc. San Isidro,4008981,1,240,178,5,24,207,178,207
1,Cercado,1,Oruro,2059,Oruro,146,U. Esc. San Isidro,4008991,2,240,178,2,17,197,178,197
1,Cercado,1,Oruro,2059,Oruro,146,U. Esc. San Isidro,4009001,3,240,188,3,13,204,188,204
1,Cercado,1,Oruro,2059,Oruro,146,U. Esc. San Isidro,4009011,4,240,178,0,24,202,178,202
1,Cercado,1,Oruro,2059,Oruro,146,U. Esc. San Isidro,4009021,5,240,179,3,26,208,179,208
1,Cercado,1,Oruro,2059,Oruro,146,U. Esc. San Isidro,4009031,6,240,173,6,29,208,173,208
1,Cercado,1,Oruro,2059,Oruro,146,U. Esc. San Isidro,4009041,7,240,175,5,26,206,175,206
1,Cercado,1,Oruro,2059,Oruro,146,U. Esc. San Isidro,4009051,8,240,164,3,32,199,164,199
1,Cercado,1,Oruro,2059,Oruro,146,U. Esc. San Isidro,4009061,9,240,173,1,16,190,173,190
1,Cercado,1,Oruro,2059,Oruro,146,U. Esc. San Isidro,4009071,10,240,178,5,18,201,178,201
1,Cercado,1,Oruro,2059,Oruro,146,U. Esc. San Isidro,4009081,11,240,173,2,21,196,173,196
1,Cercado,1,Oruro,2059,Oruro,146,U. Esc. San Isidro,4009091,12,240,164,3,23,190,164,190
1,Cercado,1,Oruro,2059,Oruro,146,U. Esc. San Isidro,4009101,13,240,166,4,36,206,166,206
1,Cercado,1,Oruro,2059,Oruro,146,U. Esc. San Isidro,4009111,14,240,165,7,30,202,165,202
1,Cercado,1,Oruro,2059,Oruro,146,U. Esc. San Isidro,4009121,15,107,76,0,13,89,76,89
1,Cercado,1,Oruro,2059,Oruro,147,U.E. Maria  De Nazareth,4007021,4,240,181,4,15,200,181,200
1,Cercado,1,Oruro,2059,Oruro,147,U.E. Maria  De Nazareth,4007031,5,240,180,3,20,203,180,203
1,Cercado,1,Oruro,2059,Oruro,147,U.E. Maria  De Nazareth,4007041,6,240,161,1,31,193,161,193
1,Cercado,1,Oruro,2059,Oruro,147,U.E. Maria  De Nazareth,4007061,8,240,159,5,30,194,159,194
1,Cercado,1,Oruro,2059,Oruro,147,U.E. Maria  De Nazareth,4007071,9,240,165,3,31,199,165,199
1,Cercado,1,Oruro,2059,Oruro,147,U.E. Maria  De Nazareth,4007081,10,240,163,4,26,193,163,193
1,Cercado,1,Oruro,2059,Oruro,147,U.E. Maria  De Nazareth,4007091,11,121,86,1,16,103,86,103
1,Cercado,1,Oruro,2059,Oruro,148,U.E. El Carmen,4004321,1,240,169,2,31,202,169,202
1,Cercado,1,Oruro,2059,Oruro,148,U.E. El Carmen,4004331,2,240,178,4,25,207,178,207
1,Cercado,1,Oruro,2059,Oruro,148,U.E. El Carmen,4004341,3,240,178,4,22,204,178,204
1,Cercado,1,Oruro,2059,Oruro,148,U.E. El Carmen,4004351,4,240,172,4,35,211,172,211
1,Cercado,1,Oruro,2059,Oruro,148,U.E. El Carmen,4004361,5,240,184,6,18,208,184,208
1,Cercado,1,Oruro,2059,Oruro,148,U.E. El Carmen,4004371,6,240,187,1,23,211,187,211
1,Cercado,1,Oruro,2059,Oruro,148,U.E. El Carmen,4004381,7,240,182,5,23,210,182,210
1,Cercado,1,Oruro,2059,Oruro,148,U.E. El Carmen,4004391,8,240,164,4,44,212,164,212
1,Cercado,1,Oruro,2059,Oruro,148,U.E. El Carmen,4004401,9,240,166,4,35,205,166,205
1,Cercado,1,Oruro,2059,Oruro,148,U.E. El Carmen,4004411,10,177,137,2,13,152,137,152
1,Cercado,1,Oruro,2059,Oruro,149,(Cárcel) Centro Penitenciario La Merced,4004421,1,156,87,3,6,96,87,96
1,Cercado,1,Oruro,2059,Oruro,25027,U. E. Kantuta II (Josermo Murillo),4005311,1,240,168,2,26,196,168,196
1,Cercado,1,Oruro,2059,Oruro,25027,U. E. Kantuta II (Josermo Murillo),4005321,2,240,172,4,28,204,172,204
1,Cercado,1,Oruro,2059,Oruro,25027,U. E. Kantuta II (Josermo Murillo),4005331,3,240,179,5,22,206,179,206
1,Cercado,1,Oruro,2059,Oruro,25027,U. E. Kantuta II (Josermo Murillo),4005341,4,240,176,2,26,204,176,204
1,Cercado,1,Oruro,2059,Oruro,25027,U. E. Kantuta II (Josermo Murillo),4005351,5,240,191,3,28,222,191,222
1,Cercado,1,Oruro,2059,Oruro,25027,U. E. Kantuta II (Josermo Murillo),4005361,6,240,179,2,28,209,179,209
1,Cercado,1,Oruro,2059,Oruro,25027,U. E. Kantuta II (Josermo Murillo),4005371,7,240,179,1,20,200,179,200
1,Cercado,1,Oruro,2059,Oruro,25027,U. E. Kantuta II (Josermo Murillo),4005381,8,240,185,2,22,209,185,209
1,Cercado,1,Oruro,2059,Oruro,25027,U. E. Kantuta II (Josermo Murillo),4005391,9,240,185,3,26,214,185,214
1,Cercado,1,Oruro,2059,Oruro,25027,U. E. Kantuta II (Josermo Murillo),4005401,10,240,181,3,27,211,181,211
1,Cercado,1,Oruro,2059,Oruro,25027,U. E. Kantuta II (Josermo Murillo),4005411,11,240,180,2,25,207,180,207
1,Cercado,1,Oruro,2059,Oruro,25027,U. E. Kantuta II (Josermo Murillo),4005421,12,240,174,4,24,202,174,202
1,Cercado,1,Oruro,2059,Oruro,25027,U. E. Kantuta II (Josermo Murillo),4005431,13,141,101,4,16,121,101,121
1,Cercado,1,Oruro,2059,Oruro,25028,Kinder Chiripujio,4010051,1,240,164,8,18,190,164,190
1,Cercado,1,Oruro,2059,Oruro,25028,Kinder Chiripujio,4010061,2,212,163,4,9,176,163,176
1,Cercado,1,Oruro,2059,Oruro,25029,Inicial Carmen Guzman De Mier,4005951,1,240,176,7,18,201,176,201
1,Cercado,1,Oruro,2059,Oruro,25029,Inicial Carmen Guzman De Mier,4005961,2,240,185,1,23,209,185,209
1,Cercado,1,Oruro,2059,Oruro,25029,Inicial Carmen Guzman De Mier,4005971,3,240,182,5,32,219,182,219
1,Cercado,1,Oruro,2059,Oruro,25029,Inicial Carmen Guzman De Mier,4005981,4,240,175,1,28,204,175,204
1,Cercado,1,Oruro,2059,Oruro,25029,Inicial Carmen Guzman De Mier,4005991,5,240,188,5,18,211,188,211
1,Cercado,1,Oruro,2059,Oruro,25029,Inicial Carmen Guzman De Mier,4006001,6,240,188,2,16,206,188,206
1,Cercado,1,Oruro,2059,Oruro,25029,Inicial Carmen Guzman De Mier,4006011,7,87,71,2,8,81,71,81
1,Cercado,1,Oruro,2059,Oruro,25030,U. E. Hijos Del Sol II,4010071,1,240,176,2,21,199,176,199
1,Cercado,1,Oruro,2059,Oruro,25030,U. E. Hijos Del Sol II,4010081,2,217,152,1,20,173,152,173
1,Cercado,1,Oruro,2059,Oruro,25031,Facultad de Agronomia,4010171,1,240,177,6,12,195,177,195
1,Cercado,1,Oruro,2059,Oruro,25031,Facultad de Agronomia,4010181,2,240,169,3,28,200,169,200
1,Cercado,1,Oruro,2059,Oruro,25031,Facultad de Agronomia,4010211,5,240,179,3,16,198,179,198
1,Cercado,1,Oruro,2059,Oruro,25031,Facultad de Agronomia,4010221,6,47,31,1,7,39,31,39
1,Cercado,1,Oruro,2059,Oruro,25032,U. E. Oscar Unzaga De La Vega 2,4002481,1,240,187,4,19,210,187,210
1,Cercado,1,Oruro,2059,Oruro,25032,U. E. Oscar Unzaga De La Vega 2,4002491,2,240,182,3,15,200,182,200
1,Cercado,1,Oruro,2059,Oruro,25032,U. E. Oscar Unzaga De La Vega 2,4002501,3,240,166,3,29,198,166,198
1,Cercado,1,Oruro,2059,Oruro,25032,U. E. Oscar Unzaga De La Vega 2,4002511,4,240,189,2,25,216,189,216
1,Cercado,1,Oruro,2059,Oruro,25032,U. E. Oscar Unzaga De La Vega 2,4002521,5,240,182,3,24,209,182,209
1,Cercado,1,Oruro,2059,Oruro,25032,U. E. Oscar Unzaga De La Vega 2,4002531,6,240,173,0,32,205,173,205
1,Cercado,1,Oruro,2059,Oruro,25032,U. E. Oscar Unzaga De La Vega 2,4002541,7,240,177,2,24,203,177,203
1,Cercado,1,Oruro,2059,Oruro,25032,U. E. Oscar Unzaga De La Vega 2,4002551,8,240,170,4,25,199,170,199
1,Cercado,1,Oruro,2059,Oruro,25032,U. E. Oscar Unzaga De La Vega 2,4002561,9,240,189,3,24,216,189,216
1,Cercado,1,Oruro,2059,Oruro,25032,U. E. Oscar Unzaga De La Vega 2,4002571,10,228,176,2,16,194,176,194
1,Cercado,1,Oruro,2059,Oruro,25033,Col. Particular Bolivia Japon,4001661,1,240,188,3,22,213,188,213
1,Cercado,1,Oruro,2059,Oruro,25033,Col. Particular Bolivia Japon,4001671,2,240,175,6,23,204,175,204
1,Cercado,1,Oruro,2059,Oruro,25033,Col. Particular Bolivia Japon,4001681,3,240,187,10,16,213,187,213
1,Cercado,1,Oruro,2059,Oruro,25033,Col. Particular Bolivia Japon,4001691,4,240,185,3,18,206,185,206
1,Cercado,1,Oruro,2059,Oruro,25033,Col. Particular Bolivia Japon,4001701,5,240,195,3,10,208,195,208
1,Cercado,1,Oruro,2059,Oruro,25033,Col. Particular Bolivia Japon,4001711,6,240,178,5,23,206,178,206
1,Cercado,1,Oruro,2059,Oruro,25033,Col. Particular Bolivia Japon,4001721,7,198,152,2,21,175,152,175
1,Cercado,1,Oruro,2059,Oruro,25034,U.E. Socamani,4006241,1,240,186,4,15,205,186,205
1,Cercado,1,Oruro,2059,Oruro,25034,U.E. Socamani,4006251,2,240,165,4,28,197,165,197
1,Cercado,1,Oruro,2059,Oruro,25034,U.E. Socamani,4006261,3,240,162,6,37,205,162,205
1,Cercado,1,Oruro,2059,Oruro,25034,U.E. Socamani,4006271,4,240,168,1,35,204,168,204
1,Cercado,1,Oruro,2059,Oruro,25034,U.E. Socamani,4006281,5,240,166,6,30,202,166,202
1,Cercado,1,Oruro,2059,Oruro,25034,U.E. Socamani,4006291,6,237,159,3,35,197,159,197
1,Cercado,1,Oruro,2059,Oruro,25035,U. E. Alto Oruro,4000491,1,240,179,4,18,201,179,201
1,Cercado,1,Oruro,2059,Oruro,25035,U. E. Alto Oruro,4000501,2,240,169,6,22,197,169,197
1,Cercado,1,Oruro,2059,Oruro,25035,U. E. Alto Oruro,4000511,3,240,166,3,31,200,166,200
1,Cercado,1,Oruro,2059,Oruro,25035,U. E. Alto Oruro,4000521,4,167,125,3,14,142,125,142
1,Cercado,1,Oruro,2059,Oruro,25036,U. E. Misael Pacheco Loma,4006021,1,240,193,5,18,216,193,216
1,Cercado,1,Oruro,2059,Oruro,25036,U. E. Misael Pacheco Loma,4006031,2,240,185,3,14,202,185,202
1,Cercado,1,Oruro,2059,Oruro,25036,U. E. Misael Pacheco Loma,4006041,3,240,190,5,11,206,190,206
1,Cercado,1,Oruro,2059,Oruro,25036,U. E. Misael Pacheco Loma,4006051,4,240,180,4,20,204,180,204
1,Cercado,1,Oruro,2059,Oruro,25036,U. E. Misael Pacheco Loma,4006061,5,240,186,4,16,206,186,206
1,Cercado,1,Oruro,2059,Oruro,25036,U. E. Misael Pacheco Loma,4006071,6,240,182,3,21,206,182,206
1,Cercado,1,Oruro,2059,Oruro,25036,U. E. Misael Pacheco Loma,4006081,7,240,173,2,28,203,173,203
1,Cercado,1,Oruro,2059,Oruro,25036,U. E. Misael Pacheco Loma,4006091,8,240,182,5,23,210,182,210
1,Cercado,1,Oruro,2059,Oruro,25036,U. E. Misael Pacheco Loma,4006101,9,240,180,1,26,207,180,207
1,Cercado,1,Oruro,2059,Oruro,25036,U. E. Misael Pacheco Loma,4006111,10,149,115,3,10,128,115,128
1,Cercado,1,Oruro,2059,Oruro,25037,U. E. Carmela Cerruto,4009721,1,240,162,1,33,196,162,196
1,Cercado,1,Oruro,2059,Oruro,25037,U. E. Carmela Cerruto,4009731,2,240,171,5,17,193,171,193
1,Cercado,1,Oruro,2059,Oruro,25037,U. E. Carmela Cerruto,4009741,3,240,155,6,31,192,155,192
1,Cercado,1,Oruro,2059,Oruro,25037,U. E. Carmela Cerruto,4009751,4,203,135,5,25,165,135,165
1,Cercado,1,Oruro,2059,Oruro,25038,U. Esc. San Juan De Dios,4009131,1,240,168,2,29,199,168,199
1,Cercado,1,Oruro,2059,Oruro,25038,U. Esc. San Juan De Dios,4009141,2,240,174,3,28,205,174,205
1,Cercado,1,Oruro,2059,Oruro,25038,U. Esc. San Juan De Dios,4009151,3,240,164,3,29,196,164,196
1,Cercado,1,Oruro,2059,Oruro,25038,U. Esc. San Juan De Dios,4009161,4,240,163,6,27,196,163,196
1,Cercado,1,Oruro,2059,Oruro,25038,U. Esc. San Juan De Dios,4009171,5,240,173,3,25,201,173,201
1,Cercado,1,Oruro,2059,Oruro,25038,U. Esc. San Juan De Dios,4009181,6,240,161,6,29,196,161,196
1,Cercado,1,Oruro,2059,Oruro,25038,U. Esc. San Juan De Dios,4009191,7,240,180,3,21,204,180,204
1,Cercado,1,Oruro,2059,Oruro,25038,U. Esc. San Juan De Dios,4009201,8,240,170,6,22,198,170,198
1,Cercado,1,Oruro,2059,Oruro,25038,U. Esc. San Juan De Dios,4009211,9,240,177,2,32,211,177,211
1,Cercado,1,Oruro,2059,Oruro,25038,U. Esc. San Juan De Dios,4009221,10,240,174,4,34,212,174,212
1,Cercado,1,Oruro,2059,Oruro,25038,U. Esc. San Juan De Dios,4009231,11,225,163,4,19,186,163,186
1,Cercado,1,Oruro,2059,Oruro,25039,U. Esc. El Kasso   El Progreso,4005121,1,240,191,4,18,213,191,213
1,Cercado,1,Oruro,2059,Oruro,25040,U. Esc. Santa Ana I  Arenales,4006301,1,240,187,5,19,211,187,211
1,Cercado,1,Oruro,2059,Oruro,25040,U. Esc. Santa Ana I  Arenales,4006311,2,240,175,8,24,207,175,207
1,Cercado,1,Oruro,2059,Oruro,25040,U. Esc. Santa Ana I  Arenales,4006321,3,240,184,2,23,209,184,209
1,Cercado,1,Oruro,2059,Oruro,25040,U. Esc. Santa Ana I  Arenales,4006331,4,240,176,4,23,203,176,203
1,Cercado,1,Oruro,2059,Oruro,25040,U. Esc. Santa Ana I  Arenales,4006341,5,108,74,3,10,87,74,87
1,Cercado,1,Oruro,2059,Oruro,25043,U. Esc. Dios Es Amor,4007101,1,240,172,1,17,190,172,190
1,Cercado,1,Oruro,2059,Oruro,25043,U. Esc. Dios Es Amor,4007111,2,240,169,2,28,199,169,199
1,Cercado,1,Oruro,2059,Oruro,25043,U. Esc. Dios Es Amor,4007121,3,240,173,2,17,192,173,192
1,Cercado,1,Oruro,2059,Oruro,25043,U. Esc. Dios Es Amor,4007131,4,240,175,2,24,201,175,201
1,Cercado,1,Oruro,2059,Oruro,25043,U. Esc. Dios Es Amor,4007141,5,240,168,4,18,190,168,190
1,Cercado,1,Oruro,2059,Oruro,25043,U. Esc. Dios Es Amor,4007151,6,240,168,2,26,196,168,196
1,Cercado,1,Oruro,2059,Oruro,25043,U. Esc. Dios Es Amor,4007161,7,240,170,5,24,199,170,199
1,Cercado,1,Oruro,2059,Oruro,25043,U. Esc. Dios Es Amor,4007171,8,240,159,3,22,184,159,184
1,Cercado,1,Oruro,2059,Oruro,25043,U. Esc. Dios Es Amor,4007181,9,240,162,0,41,203,162,203
1,Cercado,1,Oruro,2059,Oruro,25043,U. Esc. Dios Es Amor,4007191,10,240,167,2,30,199,167,199
1,Cercado,1,Oruro,2059,Oruro,25043,U. Esc. Dios Es Amor,4007201,11,240,162,1,21,184,162,184
1,Cercado,1,Oruro,2059,Oruro,25043,U. Esc. Dios Es Amor,4007211,12,213,161,1,29,191,161,191
1,Cercado,1,Oruro,2059,Oruro,25045,U.E. Particular Arrieta,4001101,1,240,181,3,15,199,181,199
1,Cercado,1,Oruro,2059,Oruro,25045,U.E. Particular Arrieta,4001111,2,173,130,2,15,147,130,147
1,Cercado,1,Oruro,2059,Oruro,25046,U.E. Marcelo Quiroga Santa Cruz,4001891,1,240,172,4,32,208,172,208
1,Cercado,1,Oruro,2059,Oruro,25046,U.E. Marcelo Quiroga Santa Cruz,4001901,2,240,161,6,23,190,161,190
1,Cercado,1,Oruro,2059,Oruro,25046,U.E. Marcelo Quiroga Santa Cruz,4001911,3,240,169,2,20,191,169,191
1,Cercado,1,Oruro,2059,Oruro,25046,U.E. Marcelo Quiroga Santa Cruz,4001921,4,240,169,2,26,197,169,197
1,Cercado,1,Oruro,2059,Oruro,25046,U.E. Marcelo Quiroga Santa Cruz,4001931,5,240,171,3,26,200,171,200
1,Cercado,1,Oruro,2059,Oruro,25046,U.E. Marcelo Quiroga Santa Cruz,4001941,6,240,180,4,17,201,180,201
1,Cercado,1,Oruro,2059,Oruro,25046,U.E. Marcelo Quiroga Santa Cruz,4001951,7,240,169,1,24,194,169,194
1,Cercado,1,Oruro,2059,Oruro,25046,U.E. Marcelo Quiroga Santa Cruz,4001961,8,240,157,2,34,193,157,193
1,Cercado,1,Oruro,2059,Oruro,25046,U.E. Marcelo Quiroga Santa Cruz,4001971,9,240,171,1,23,195,171,195
1,Cercado,1,Oruro,2059,Oruro,25046,U.E. Marcelo Quiroga Santa Cruz,4001981,10,240,159,4,28,191,159,191
1,Cercado,1,Oruro,2059,Oruro,25046,U.E. Marcelo Quiroga Santa Cruz,4001991,11,240,162,6,21,189,162,189
1,Cercado,1,Oruro,2059,Oruro,25046,U.E. Marcelo Quiroga Santa Cruz,4002001,12,240,175,3,29,207,175,207
1,Cercado,1,Oruro,2059,Oruro,25046,U.E. Marcelo Quiroga Santa Cruz,4002011,13,240,162,2,27,191,162,191
1,Cercado,1,Oruro,2059,Oruro,25046,U.E. Marcelo Quiroga Santa Cruz,4002021,14,240,162,4,20,186,162,186
1,Cercado,1,Oruro,2059,Oruro,25046,U.E. Marcelo Quiroga Santa Cruz,4002031,15,240,178,4,16,198,178,198
1,Cercado,1,Oruro,2059,Oruro,25046,U.E. Marcelo Quiroga Santa Cruz,4002041,16,240,174,4,20,198,174,198
1,Cercado,1,Oruro,2059,Oruro,25046,U.E. Marcelo Quiroga Santa Cruz,4002051,17,240,180,3,21,204,180,204
1,Cercado,1,Oruro,2059,Oruro,25046,U.E. Marcelo Quiroga Santa Cruz,4002061,18,49,38,0,4,42,38,42
1,Cercado,1,Oruro,2059,Oruro,25047,U.E. Virgen Del Mar III,4001121,1,240,187,2,22,211,187,211
1,Cercado,1,Oruro,2059,Oruro,25047,U.E. Virgen Del Mar III,4001131,2,240,174,1,20,195,174,195
1,Cercado,1,Oruro,2059,Oruro,25047,U.E. Virgen Del Mar III,4001141,3,240,187,2,21,210,187,210
1,Cercado,1,Oruro,2059,Oruro,25047,U.E. Virgen Del Mar III,4001151,4,31,21,1,3,25,21,25
1,Cercado,1,Oruro,2059,Oruro,25048,U.E. Nal. Mixto Huajara Secundario,4004701,1,240,182,4,15,201,182,201
1,Cercado,1,Oruro,2059,Oruro,25048,U.E. Nal. Mixto Huajara Secundario,4004711,2,240,180,4,15,199,180,199
1,Cercado,1,Oruro,2059,Oruro,25048,U.E. Nal. Mixto Huajara Secundario,4004721,3,240,171,4,22,197,171,197
1,Cercado,1,Oruro,2059,Oruro,25048,U.E. Nal. Mixto Huajara Secundario,4004731,4,240,173,8,23,204,173,204
1,Cercado,1,Oruro,2059,Oruro,25048,U.E. Nal. Mixto Huajara Secundario,4004741,5,240,171,3,24,198,171,198
1,Cercado,1,Oruro,2059,Oruro,25048,U.E. Nal. Mixto Huajara Secundario,4004751,6,240,171,6,22,199,171,199
1,Cercado,1,Oruro,2059,Oruro,25048,U.E. Nal. Mixto Huajara Secundario,4004761,7,240,183,7,18,208,183,208
1,Cercado,1,Oruro,2059,Oruro,25048,U.E. Nal. Mixto Huajara Secundario,4004771,8,240,174,6,27,207,174,207
1,Cercado,1,Oruro,2059,Oruro,25048,U.E. Nal. Mixto Huajara Secundario,4004781,9,240,169,3,35,207,169,207
1,Cercado,1,Oruro,2059,Oruro,25048,U.E. Nal. Mixto Huajara Secundario,4004791,10,240,179,2,22,203,179,203
1,Cercado,1,Oruro,2059,Oruro,25048,U.E. Nal. Mixto Huajara Secundario,4004801,11,240,171,4,19,194,171,194
1,Cercado,1,Oruro,2059,Oruro,25048,U.E. Nal. Mixto Huajara Secundario,4004811,12,240,181,5,15,201,181,201
1,Cercado,1,Oruro,2059,Oruro,25048,U.E. Nal. Mixto Huajara Secundario,4004821,13,44,32,1,2,35,32,35
1,Cercado,1,Oruro,2059,Oruro,25049,U.E. San Luis,4004431,1,240,179,1,20,200,179,200
1,Cercado,1,Oruro,2059,Oruro,25049,U.E. San Luis,4004441,2,240,178,2,28,208,178,208
1,Cercado,1,Oruro,2059,Oruro,25049,U.E. San Luis,4004451,3,240,173,2,33,208,173,208
1,Cercado,1,Oruro,2059,Oruro,25049,U.E. San Luis,4004461,4,240,182,0,26,208,182,208
1,Cercado,1,Oruro,2059,Oruro,25049,U.E. San Luis,4004471,5,240,190,3,23,216,190,216
1,Cercado,1,Oruro,2059,Oruro,25049,U.E. San Luis,4004481,6,234,174,4,24,202,174,202
1,Cercado,1,Oruro,2059,Oruro,25050,U.E. Magdalena Postel II,4006351,1,240,181,3,19,203,181,203
1,Cercado,1,Oruro,2059,Oruro,25050,U.E. Magdalena Postel II,4006361,2,240,179,1,29,209,179,209
1,Cercado,1,Oruro,2059,Oruro,25050,U.E. Magdalena Postel II,4006371,3,240,192,4,15,211,192,211
1,Cercado,1,Oruro,2059,Oruro,25050,U.E. Magdalena Postel II,4006381,4,240,174,7,23,204,174,204
1,Cercado,1,Oruro,2059,Oruro,25050,U.E. Magdalena Postel II,4006391,5,240,182,3,19,204,182,204
1,Cercado,1,Oruro,2059,Oruro,25050,U.E. Magdalena Postel II,4006401,6,240,190,1,21,212,190,212
1,Cercado,1,Oruro,2059,Oruro,25050,U.E. Magdalena Postel II,4006411,7,240,190,3,25,218,190,218
1,Cercado,1,Oruro,2059,Oruro,25050,U.E. Magdalena Postel II,4006421,8,29,23,2,2,27,23,27
1,Cercado,1,Oruro,2059,Oruro,25051,U.E. Mejillones II (Secundario),4010231,1,240,171,3,23,197,171,197
1,Cercado,1,Oruro,2059,Oruro,25051,U.E. Mejillones II (Secundario),4010241,2,240,167,1,28,196,167,196
1,Cercado,1,Oruro,2059,Oruro,25051,U.E. Mejillones II (Secundario),4010251,3,240,172,2,20,194,172,194
1,Cercado,1,Oruro,2059,Oruro,25051,U.E. Mejillones II (Secundario),4010261,4,240,159,7,18,184,159,184
1,Cercado,1,Oruro,2059,Oruro,25051,U.E. Mejillones II (Secundario),4010271,5,146,101,2,15,118,101,118
1,Cercado,1,Oruro,2059,Oruro,25627,CEA Boliviano Alemán,4005141,1,240,160,3,38,201,160,201
1,Cercado,1,Oruro,2059,Oruro,25627,CEA Boliviano Alemán,4005151,2,240,164,9,29,202,164,202
1,Cercado,1,Oruro,2059,Oruro,25627,CEA Boliviano Alemán,4005161,3,240,173,5,26,204,173,204
1,Cercado,1,Oruro,2059,Oruro,25627,CEA Boliviano Alemán,4005171,4,240,173,5,24,202,173,202
1,Cercado,1,Oruro,2059,Oruro,25627,CEA Boliviano Alemán,4005181,5,240,189,3,23,215,189,215
1,Cercado,1,Oruro,2059,Oruro,25627,CEA Boliviano Alemán,4005191,6,240,190,6,16,212,190,212
1,Cercado,1,Oruro,2059,Oruro,25627,CEA Boliviano Alemán,4005201,7,239,173,3,24,200,173,200
1,Cercado,1,Oruro,2059,Oruro,25628,U.E. Avelino Siñani Magisterio,4003991,1,240,186,1,19,206,186,206
1,Cercado,1,Oruro,2059,Oruro,25628,U.E. Avelino Siñani Magisterio,4004001,2,240,184,3,25,212,184,212
1,Cercado,1,Oruro,2059,Oruro,25628,U.E. Avelino Siñani Magisterio,4004011,3,240,173,3,23,199,173,199
1,Cercado,1,Oruro,2059,Oruro,25628,U.E. Avelino Siñani Magisterio,4004021,4,240,187,3,23,213,187,213
1,Cercado,1,Oruro,2059,Oruro,25628,U.E. Avelino Siñani Magisterio,4004031,5,240,180,5,28,213,180,213
1,Cercado,1,Oruro,2059,Oruro,25628,U.E. Avelino Siñani Magisterio,4004041,6,240,174,3,34,211,174,211
1,Cercado,1,Oruro,2059,Oruro,25628,U.E. Avelino Siñani Magisterio,4004051,7,240,175,7,27,209,175,209
1,Cercado,1,Oruro,2059,Oruro,25628,U.E. Avelino Siñani Magisterio,4004061,8,240,173,3,30,206,173,206
1,Cercado,1,Oruro,2059,Oruro,25628,U.E. Avelino Siñani Magisterio,4004071,9,240,162,2,38,202,162,202
1,Cercado,1,Oruro,2059,Oruro,25628,U.E. Avelino Siñani Magisterio,4004081,10,240,173,3,37,213,173,213
1,Cercado,1,Oruro,2059,Oruro,25628,U.E. Avelino Siñani Magisterio,4004091,11,240,177,2,26,205,177,205
1,Cercado,1,Oruro,2059,Oruro,25628,U.E. Avelino Siñani Magisterio,4004101,12,240,185,1,26,212,185,212
1,Cercado,1,Oruro,2059,Oruro,25628,U.E. Avelino Siñani Magisterio,4004111,13,240,178,3,21,202,178,202
1,Cercado,1,Oruro,2059,Oruro,25628,U.E. Avelino Siñani Magisterio,4004121,14,240,180,12,24,216,180,216
1,Cercado,1,Oruro,2059,Oruro,25628,U.E. Avelino Siñani Magisterio,4004131,15,240,185,2,19,206,185,206
1,Cercado,1,Oruro,2059,Oruro,25628,U.E. Avelino Siñani Magisterio,4004141,16,240,179,6,26,211,179,211
1,Cercado,1,Oruro,2059,Oruro,25628,U.E. Avelino Siñani Magisterio,4004151,17,240,181,3,19,203,181,203
1,Cercado,1,Oruro,2059,Oruro,25628,U.E. Avelino Siñani Magisterio,4004161,18,240,170,10,25,205,170,205
1,Cercado,1,Oruro,2059,Oruro,25628,U.E. Avelino Siñani Magisterio,4004171,19,240,186,5,22,213,186,213
1,Cercado,1,Oruro,2059,Oruro,25628,U.E. Avelino Siñani Magisterio,4004181,20,240,180,6,15,201,180,201
1,Cercado,1,Oruro,2059,Oruro,25628,U.E. Avelino Siñani Magisterio,4004191,21,240,177,2,25,204,177,204
1,Cercado,1,Oruro,2059,Oruro,25628,U.E. Avelino Siñani Magisterio,4004201,22,240,177,4,22,203,177,203
1,Cercado,1,Oruro,2059,Oruro,25628,U.E. Avelino Siñani Magisterio,4004211,23,185,142,2,16,160,142,160
1,Cercado,1,Oruro,2059,Oruro,25629,U.E. Cristo el Salvador,4002071,1,240,176,2,26,204,176,204
1,Cercado,1,Oruro,2059,Oruro,25629,U.E. Cristo el Salvador,4002081,2,240,179,4,13,196,179,196
1,Cercado,1,Oruro,2059,Oruro,25629,U.E. Cristo el Salvador,4002091,3,240,166,4,36,206,166,206
1,Cercado,1,Oruro,2059,Oruro,25629,U.E. Cristo el Salvador,4002101,4,240,183,4,23,210,183,210
1,Cercado,1,Oruro,2059,Oruro,25629,U.E. Cristo el Salvador,4002111,5,240,184,3,20,207,184,207
1,Cercado,1,Oruro,2059,Oruro,25629,U.E. Cristo el Salvador,4002121,6,240,173,3,25,201,173,201
1,Cercado,1,Oruro,2059,Oruro,25629,U.E. Cristo el Salvador,4002131,7,240,173,4,17,194,173,194
1,Cercado,1,Oruro,2059,Oruro,25629,U.E. Cristo el Salvador,4002141,8,240,183,3,23,209,183,209
1,Cercado,1,Oruro,2059,Oruro,25944,U.E. Valle Hermoso   Vinto II,4009391,1,240,164,1,28,193,164,193
1,Cercado,1,Oruro,2059,Oruro,25944,U.E. Valle Hermoso   Vinto II,4009401,2,240,165,1,24,190,165,190
1,Cercado,1,Oruro,2059,Oruro,25944,U.E. Valle Hermoso   Vinto II,4009411,3,240,167,3,26,196,167,196
1,Cercado,1,Oruro,2059,Oruro,25944,U.E. Valle Hermoso   Vinto II,4009421,4,240,160,6,21,187,160,187
1,Cercado,1,Oruro,2059,Oruro,25944,U.E. Valle Hermoso   Vinto II,4009431,5,240,166,4,21,191,166,191
1,Cercado,1,Oruro,2059,Oruro,25944,U.E. Valle Hermoso   Vinto II,4009441,6,220,164,5,19,188,164,188
1,Cercado,1,Oruro,2059,Oruro,25945,U.E. Gerardina Lafuente Callejas,4003731,1,240,171,2,29,202,171,202
1,Cercado,1,Oruro,2059,Oruro,25945,U.E. Gerardina Lafuente Callejas,4003741,2,240,176,6,28,210,176,210
1,Cercado,1,Oruro,2059,Oruro,25945,U.E. Gerardina Lafuente Callejas,4003751,3,240,175,3,31,209,175,209
1,Cercado,1,Oruro,2059,Oruro,25945,U.E. Gerardina Lafuente Callejas,4003761,4,240,173,6,23,202,173,202
1,Cercado,1,Oruro,2059,Oruro,25945,U.E. Gerardina Lafuente Callejas,4003771,5,56,41,0,9,50,41,50
1,Cercado,1,Oruro,2059,Oruro,26490,U.E. Juan Lechin Oquendo 2,4009361,1,240,159,5,26,190,159,190
1,Cercado,1,Oruro,2059,Oruro,26490,U.E. Juan Lechin Oquendo 2,4009371,2,240,176,1,17,194,176,194
1,Cercado,1,Oruro,2059,Oruro,26490,U.E. Juan Lechin Oquendo 2,4009381,3,144,98,3,12,113,98,113
1,Cercado,1,Oruro,2059,Oruro,26491,U.E. Uru Uru 2,4005451,1,240,171,4,30,205,171,205
1,Cercado,1,Oruro,2059,Oruro,26491,U.E. Uru Uru 2,4005461,2,240,187,0,28,215,187,215
1,Cercado,1,Oruro,2059,Oruro,26491,U.E. Uru Uru 2,4005471,3,240,176,6,25,207,176,207
1,Cercado,1,Oruro,2059,Oruro,26491,U.E. Uru Uru 2,4005481,4,128,93,2,14,109,93,109
1,Cercado,1,Oruro,2059,Oruro,31001,U.E.  Ildefonso Murguia,4001341,1,240,173,4,22,199,173,199
1,Cercado,1,Oruro,2059,Oruro,31001,U.E.  Ildefonso Murguia,4001351,2,240,180,3,26,209,180,209
1,Cercado,1,Oruro,2059,Oruro,31001,U.E.  Ildefonso Murguia,4001361,3,240,192,0,12,204,192,204
1,Cercado,1,Oruro,2059,Oruro,31001,U.E.  Ildefonso Murguia,4001381,5,240,186,5,23,214,186,214
1,Cercado,1,Oruro,2059,Oruro,31001,U.E.  Ildefonso Murguia,4001391,6,240,161,4,36,201,161,201
1,Cercado,1,Oruro,2059,Oruro,31001,U.E.  Ildefonso Murguia,4001401,7,240,183,3,25,211,183,211
1,Cercado,1,Oruro,2059,Oruro,31005,U.E. Nuestra Señora del Socavón 1,4001731,1,240,174,3,20,197,174,197
1,Cercado,1,Oruro,2059,Oruro,31005,U.E. Nuestra Señora del Socavón 1,4001741,2,240,174,6,27,207,174,207
1,Cercado,1,Oruro,2059,Oruro,31005,U.E. Nuestra Señora del Socavón 1,4001751,3,240,177,4,22,203,177,203
1,Cercado,1,Oruro,2059,Oruro,31005,U.E. Nuestra Señora del Socavón 1,4001761,4,240,181,3,18,202,181,202
1,Cercado,1,Oruro,2059,Oruro,31005,U.E. Nuestra Señora del Socavón 1,4001771,5,240,164,2,36,202,164,202
1,Cercado,1,Oruro,2059,Oruro,31005,U.E. Nuestra Señora del Socavón 1,4001781,6,230,174,1,19,194,174,194
1,Cercado,1,Oruro,2059,Oruro,31007,U.E. Pantaleon Dalence 1,4001161,1,240,158,2,30,190,158,190
1,Cercado,1,Oruro,2059,Oruro,31007,U.E. Pantaleon Dalence 1,4001171,2,240,184,3,29,216,184,216
1,Cercado,1,Oruro,2059,Oruro,31007,U.E. Pantaleon Dalence 1,4001181,3,240,183,6,17,206,183,206
1,Cercado,1,Oruro,2059,Oruro,31007,U.E. Pantaleon Dalence 1,4001191,4,240,179,5,28,212,179,212
1,Cercado,1,Oruro,2059,Oruro,31007,U.E. Pantaleon Dalence 1,4001201,5,240,178,2,24,204,178,204
1,Cercado,1,Oruro,2059,Oruro,31007,U.E. Pantaleon Dalence 1,4001211,6,240,172,2,40,214,172,214
1,Cercado,1,Oruro,2059,Oruro,31007,U.E. Pantaleon Dalence 1,4001221,7,73,49,1,12,62,49,62
1,Cercado,1,Oruro,2059,Oruro,31008,U.E. Maria Rosa Quintela,4005211,1,240,171,6,19,196,171,196
1,Cercado,1,Oruro,2059,Oruro,31008,U.E. Maria Rosa Quintela,4005221,2,240,174,4,21,199,174,199
1,Cercado,1,Oruro,2059,Oruro,31008,U.E. Maria Rosa Quintela,4005231,3,240,183,4,24,211,183,211
1,Cercado,1,Oruro,2059,Oruro,31008,U.E. Maria Rosa Quintela,4005241,4,240,174,2,32,208,174,208
1,Cercado,1,Oruro,2059,Oruro,31008,U.E. Maria Rosa Quintela,4005251,5,240,167,3,29,199,167,199
1,Cercado,1,Oruro,2059,Oruro,31008,U.E. Maria Rosa Quintela,4005261,6,240,185,3,21,209,185,209
1,Cercado,1,Oruro,2059,Oruro,31008,U.E. Maria Rosa Quintela,4005271,7,240,181,4,15,200,181,200
1,Cercado,1,Oruro,2059,Oruro,31008,U.E. Maria Rosa Quintela,4005281,8,240,172,5,26,203,172,203
1,Cercado,1,Oruro,2059,Oruro,31032,U.E. John Fitzgerald Kennedy 2,4003051,1,240,182,3,24,209,182,209
1,Cercado,1,Oruro,2059,Oruro,31032,U.E. John Fitzgerald Kennedy 2,4003061,2,240,180,3,27,210,180,210
1,Cercado,1,Oruro,2059,Oruro,31032,U.E. John Fitzgerald Kennedy 2,4003071,3,240,180,2,27,209,180,209
1,Cercado,1,Oruro,2059,Oruro,31032,U.E. John Fitzgerald Kennedy 2,4003081,4,240,178,3,26,207,178,207
1,Cercado,1,Oruro,2059,Oruro,31032,U.E. John Fitzgerald Kennedy 2,4003091,5,240,181,2,23,206,181,206
1,Cercado,1,Oruro,2059,Oruro,31032,U.E. John Fitzgerald Kennedy 2,4003101,6,240,166,2,35,203,166,203
1,Cercado,1,Oruro,2059,Oruro,31032,U.E. John Fitzgerald Kennedy 2,4003111,7,240,162,4,36,202,162,202
1,Cercado,1,Oruro,2059,Oruro,31032,U.E. John Fitzgerald Kennedy 2,4003121,8,240,174,5,30,209,174,209
1,Cercado,1,Oruro,2059,Oruro,31032,U.E. John Fitzgerald Kennedy 2,4003131,9,68,57,0,9,66,57,66
1,Cercado,1,Oruro,2059,Oruro,32135,U.E.  Jaime Escalante,4006821,1,240,190,4,21,215,190,215
1,Cercado,1,Oruro,2059,Oruro,32135,U.E.  Jaime Escalante,4006831,2,240,168,4,28,200,168,200
1,Cercado,1,Oruro,2059,Oruro,32135,U.E.  Jaime Escalante,4006841,3,240,191,1,24,216,191,216
1,Cercado,1,Oruro,2059,Oruro,32135,U.E.  Jaime Escalante,4006851,4,240,189,3,23,215,189,215
1,Cercado,1,Oruro,2059,Oruro,32135,U.E.  Jaime Escalante,4006861,5,240,182,4,28,214,182,214
1,Cercado,1,Oruro,2059,Oruro,32135,U.E.  Jaime Escalante,4006871,6,240,182,5,22,209,182,209
1,Cercado,1,Oruro,2059,Oruro,32135,U.E.  Jaime Escalante,4006881,7,192,137,5,20,162,137,162
1,Cercado,1,Oruro,2059,Oruro,32180,U. E. Abya Yala,4003961,1,240,172,3,20,195,172,195
1,Cercado,1,Oruro,2059,Oruro,32180,U. E. Abya Yala,4003971,2,240,167,6,35,208,167,208
1,Cercado,1,Oruro,2059,Oruro,32180,U. E. Abya Yala,4003981,3,38,33,0,2,35,33,35
1,Cercado,1,Oruro,2059,Oruro,32187,U.E. Emilio Vasquez,4006801,2,240,175,3,33,211,175,211
1,Cercado,1,Oruro,2059,Oruro,32187,U.E. Emilio Vasquez,4006811,3,146,119,1,7,127,119,127
1,Cercado,1,Oruro,2059,Oruro,32311,U.E. Fred Nuñez Gonzales,4008671,1,240,163,2,33,198,163,198
1,Cercado,1,Oruro,2059,Oruro,32311,U.E. Fred Nuñez Gonzales,4008681,2,240,171,1,34,206,171,206
1,Cercado,1,Oruro,2059,Oruro,32363,U. E. Vichuloma,4009451,1,240,170,8,27,205,170,205
1,Cercado,1,Oruro,2059,Oruro,32363,U. E. Vichuloma,4009461,2,248,174,8,27,209,174,209
1,Cercado,1,Oruro,2059,Oruro,32364,U.E. Fidel Alejandro Castro Ruz,4003561,1,240,179,4,29,212,179,212
1,Cercado,1,Oruro,2059,Oruro,32364,U.E. Fidel Alejandro Castro Ruz,4003571,2,240,188,8,12,208,188,208
1,Cercado,1,Oruro,2059,Oruro,32364,U.E. Fidel Alejandro Castro Ruz,4003581,3,240,190,4,21,215,190,215
1,Cercado,1,Oruro,2059,Oruro,32364,U.E. Fidel Alejandro Castro Ruz,4003591,4,198,153,3,16,172,153,172
1,Cercado,1,Oruro,2059,Oruro,32366,U.E. Carlos Villegas Quiroga,4003541,1,240,183,5,18,206,183,206
1,Cercado,1,Oruro,2059,Oruro,32366,U.E. Carlos Villegas Quiroga,4003551,2,61,49,2,3,54,49,54
1,Cercado,1,Oruro,2059,Oruro,32407,U.E. Rodolfo Soria Galvarro,4001791,1,240,185,3,34,222,185,222
1,Cercado,1,Oruro,2059,Oruro,32407,U.E. Rodolfo Soria Galvarro,4001801,2,240,185,4,21,210,185,210
1,Cercado,1,Oruro,2059,Oruro,32407,U.E. Rodolfo Soria Galvarro,4001811,3,240,167,4,26,197,167,197
1,Cercado,1,Oruro,2059,Oruro,32407,U.E. Rodolfo Soria Galvarro,4001821,4,67,44,0,9,53,44,53
1,Cercado,1,Oruro,2059,Oruro,32408,U.E. Juan Pablo Secundaria,4010461,1,240,183,1,11,195,183,195
1,Cercado,1,Oruro,2059,Oruro,32408,U.E. Juan Pablo Secundaria,4010471,2,36,27,1,1,29,27,29
1,Cercado,1,Oruro,2059,Oruro,32409,U.E. 27 de Julio Huanuni,4003711,1,240,191,3,26,220,191,220
1,Cercado,1,Oruro,2059,Oruro,32409,U.E. 27 de Julio Huanuni,4003721,2,216,165,2,22,189,165,189
1,Cercado,1,Oruro,2059,Oruro,32493,U. E. Ernesto Guevara de la Serna,4009471,1,240,162,3,25,190,162,190
1,Cercado,1,Oruro,2059,Oruro,32493,U. E. Ernesto Guevara de la Serna,4009481,2,214,164,1,20,185,164,185
1,Cercado,1,Oruro,2059,Oruro,32494,U. E. Adolfo Ballivian 1,4005441,1,158,115,0,28,143,115,143
1,Cercado,1,Oruro,2059,Oruro,32495,U. E. Apoyo Educativo Oruro,4006891,1,50,40,1,7,48,40,48
1,Cercado,2,Caracollo,2060,Caracollo,5,U.E. Litoral,4011001,7,240,171,4,25,200,171,200
1,Cercado,2,Caracollo,2060,Caracollo,5,U.E. Litoral,4011011,8,240,162,2,17,181,162,181
1,Cercado,2,Caracollo,2060,Caracollo,5,U.E. Litoral,4011021,9,240,165,4,17,186,165,186
1,Cercado,2,Caracollo,2808,Central Huntuta,2,U.E. Sebastian Pagador,4010691,1,240,154,1,32,187,154,187
1,Cercado,2,Caracollo,2808,Central Huntuta,2,U.E. Sebastian Pagador,4010701,2,155,94,4,18,116,94,116
2,Abaroa,1,Challapata,2084,Challapata,3,U. E. San Juan de Dios,4012421,7,240,169,2,31,202,169,202
2,Abaroa,1,Challapata,2084,Challapata,3,U. E. San Juan de Dios,4012451,10,240,181,6,24,211,181,211
2,Abaroa,1,Challapata,2084,Challapata,5,U.E. Antofagasta,4012581,1,240,163,9,20,192,163,192
2,Abaroa,1,Challapata,2084,Challapata,5,U.E. Antofagasta,4012591,2,240,157,5,33,195,157,195
7,Pantaleón Dalence,1,Huanuni,2139,Huanuni,1,Esc. Eduardo Avaroa,4014201,9,240,182,1,22,205,182,205
7,Pantaleón Dalence,1,Huanuni,2139,Huanuni,1,Esc. Eduardo Avaroa,4014221,11,240,196,3,17,216,196,216
7,Pantaleón Dalence,1,Huanuni,2139,Huanuni,1,Esc. Eduardo Avaroa,4014231,12,240,185,2,21,208,185,208
7,Pantaleón Dalence,1,Huanuni,2139,Huanuni,1,Esc. Eduardo Avaroa,4014241,13,240,196,1,24,221,196,221
7,Pantaleón Dalence,1,Huanuni,2139,Huanuni,1,Esc. Eduardo Avaroa,4014251,14,240,180,4,28,212,180,212
7,Pantaleón Dalence,1,Huanuni,2139,Huanuni,1,Esc. Eduardo Avaroa,4014291,18,108,79,1,14,94,79,94
7,Pantaleón Dalence,2,Machacamarca,3703,Comunidad Sora,1,Esc. Adolfo Mier,4014751,1,223,184,2,11,197,184,197
